extension_name,interestingness_score,notes,overall_working,needs_login,installs,works_in_mv2,is_popup_working,extension_id
,,,NO,,NO,,,abnlpgnoijoannioldehkdjfofbpnfad
Google Search Console SEO Enhancer,,,NO,,NO,,,acdglffpgonoaepdhfmbccjpeopblbom
Gerador de CPF/CNPJ,,,NO,,NO,,,adffhnigbmemfmcgndacjdmpeagmhmhb
IHeader,,,NO,,NO,,,adhdbclaplninpalnlcgaooncbkjocmp
Punkass Kids!! Get Off My Browser,,,NO,,NO,,,adllocmhjliahdanbfnaijobleemnglo
Aiwozo,,,NO,,NO,,,admkahgcbipglokgboenonpgaklpaoma
English Words 300+,,Failed to load extension from: /Users/daniel/Projects/uni.local/master_project/google_manifest_converter/mv3_extensions/adnjlnpdndicafchbglghieljplkhphk. Manifest file is missing or unreadable,NO,,No,,,adnjlnpdndicafchbglghieljplkhphk
Avionte Echo,,"Failed to load extension from: /Users/daniel/Projects/uni.local/master_project/google_manifest_converter/mv3_extensions/aedcegbncjgdbpdodemfbimfdilimfda. 'content_security_policy.extension_pages': Insecure CSP value ""https://mycompas.com"" in directive 'script-src'.",NO,,NO,,,aedcegbncjgdbpdodemfbimfdilimfda
a(8) Functions,,,Could_not_test,,YEs,,,afaaijiijklfhkhapfocbahlnpgknlmg
The Element Cycles,,Failed to load extension from: /Users/daniel/Projects/uni.local/master_project/google_manifest_converter/mv3_extensions/afakeafhcjjglnedecmbhknbhalnelfb. Invalid value for 'icons'.,No,,No,,,afakeafhcjjglnedecmbhknbhalnelfb
SeoVisor,,"Failed to load extension from: /Users/daniel/Projects/uni.local/master_project/google_manifest_converter/mv3_extensions/afijdkapacbnmfjkmipdfgnnbfpmmoad. 'content_security_policy.extension_pages': Insecure CSP value ""https://cdn.rawgit.com"" in directive 'script-src'.",NO,,NO,,,afijdkapacbnmfjkmipdfgnnbfpmmoad
Placeholder - Test,,,YES,,,,,ahepglganllfpmdkkldabebaioanjclb
Black Blank Tab Page,,,yes,,,,,aianghkolnphmmngpknlgbcafoelacen
Oodalicious,,Failed to load extension from: /Users/daniel/Projects/uni.local/master_project/google_manifest_converter/mv3_extensions/ajajocakkdflkbnfmmpcmdefmfbiipfo. Could not load icon 'images/ooda-16.png' specified in 'icons'.,no,,no,,,ajajocakkdflkbnfmmpcmdefmfbiipfo
Noisli,,"Failed to load extension from: /Users/daniel/Projects/uni.local/master_project/google_manifest_converter/mv3_extensions/ajiemnfobhbjbjlnlgmidkbnejlffmmi. 'content_security_policy.extension_pages': Insecure CSP value ""'sha256-yMe7VxlzSP7BnVQz16gqjvmhlnYzWUsfHx/U8ft93Fo='"" in directive 'script-src'.",no,,no,,,ajiemnfobhbjbjlnlgmidkbnejlffmmi
LeadDesk Talk,,Failed to load extension from: /Users/daniel/Projects/uni.local/master_project/google_manifest_converter/mv3_extensions/ajkhhbbojkdghjfdmiekadmeplhehppa. Catalog file is missing for locale en_US.,no,,no,,,ajkhhbbojkdghjfdmiekadmeplhehppa
Стартовая и поиск Hi.Ru,,"Failed to load extension from: /Users/daniel/Projects/uni.local/master_project/google_manifest_converter/mv3_extensions/akghknjchdholmeelknhkghgnmknfhaa. 'content_security_policy.extension_pages': Insecure CSP value ""https://www.google.com"" in directive 'script-src'.",no,,no,,,akghknjchdholmeelknhkghgnmknfhaa
Intercom Gmail Integration,,Failed to load extension from: /Users/daniel/Projects/uni.local/master_project/google_manifest_converter/mv3_extensions/aklfgleddjhndofilfinfnlkkondcdke. Could not load icon 'images/icons/48.png' specified in 'icons'.,no,,no,,,aklfgleddjhndofilfinfnlkkondcdke
SWATHub Recorder,,Failed to load extension from: /Users/daniel/Projects/uni.local/master_project/google_manifest_converter/mv3_extensions/alhljceidfdmahgfhjlpbbpcmcbnicfc. Manifest file is missing or unreadable,no,,no,,,alhljceidfdmahgfhjlpbbpcmcbnicfc
JumpToOSMChangesetAnalyzer,,Failed to load extension from: /Users/daniel/Projects/uni.local/master_project/google_manifest_converter/mv3_extensions/amlffnkkdaedmndiklgdphaanmcjnlea. Could not load icon 'icon128.png' specified in 'icons'.,no,,no,,,amlffnkkdaedmndiklgdphaanmcjnlea
Qr Code B2S,,,Could_not_test,,,,,andbigojninbopokegabdicgoppdoaok
Reload CSS,,,Could_not_test,,,,,annmmkpobpkmnmdmcjmbonpmnpmohica
BLEWE,,,Could_not_test,,,,,aoihghfnnhcifinbmgadnmiifjamacnb
SearchOns.com,,,yes,,,,,baakjfhbggcmmandgpkcekbogaadppim
"Omni - tabs, history and bookmarks by Tefter",,Failed to load extension from: /Users/daniel/Projects/uni.local/master_project/google_manifest_converter/mv3_extensions/bafajkcbalfkkdghjpgcaaopfalikmlk. Could not load javascript 'content/container.js' for script.,no,,no,,,bafajkcbalfkkdghjpgcaaopfalikmlk
New Tab G,,Failed to load extension from: /Users/daniel/Projects/uni.local/master_project/google_manifest_converter/mv3_extensions/bamekgeijlhgjcoicenppddmnfpjiehi. File not found: newtabg.html.,no,,no,,,bamekgeijlhgjcoicenppddmnfpjiehi
fraud_alert,,,no,,no,,,banegighfdcacilmkahdjhgjgbciafmk
Just Launched,,Failed to load extension from: /Users/daniel/Projects/uni.local/master_project/google_manifest_converter/mv3_extensions/baobkpiejapnnmhbpbmmbpkgickpdghh. Could not load icon 'icons/icon16.png' specified in 'icons'.,no,,no,,,baobkpiejapnnmhbpbmmbpkgickpdghh
AlphaQuotes Motivational Quotes New Tab,,,no,,,,,baoehcinncafahkhefhjanpoiikmfccl
The Copy Me,,Failed to load extension from: /Users/daniel/Projects/uni.local/master_project/google_manifest_converter/mv3_extensions/bbngmchfignilolhmmpjdilkdelmjeej. Could not load icon 'icon/icon16.png' specified in 'icons'.,no,,no,,,bbngmchfignilolhmmpjdilkdelmjeej
Калькулятор,,"Failed to load extension from: /Users/daniel/Projects/uni.local/master_project/google_manifest_converter/mv3_extensions/bbofkffmfiambifonbnhfackhigeodkg. 'content_security_policy.extension_pages': Insecure CSP value ""'unsafe-eval'"" in directive 'script-src'.",no,,no,,,bbofkffmfiambifonbnhfackhigeodkg
Download Images,,Failed to load extension from: /Users/daniel/Projects/uni.local/master_project/google_manifest_converter/mv3_extensions/bccdohmacgkihojgdefakdhhdccpclpk. The chrome_style option cannot be used with manifest version 3.,no,,no,,,bccdohmacgkihojgdefakdhhdccpclpk
Numerology Score Calculator,,Failed to load extension from: /Users/daniel/Projects/uni.local/master_project/google_manifest_converter/mv3_extensions/beaepapjkhdcienhpgcoekbjckajapdk. Could not load icon 'icon.png' specified in 'action'.,no,,no,,,beaepapjkhdcienhpgcoekbjckajapdk
ShopOrama Tool - Eagle Media,,Failed to load extension from: /Users/daniel/Projects/uni.local/master_project/google_manifest_converter/mv3_extensions/bedodokiampcckckeodkpdhchmgbleff. The chrome_style option cannot be used with manifest version 3.,no,,no,,,bedodokiampcckckeodkpdhchmgbleff
CloudCall Unified Communications for CRM,,,Could_not_test,,,,,beknlgommgoagklgejjlpnhmpaihlgdg
 洪水・高潮リスク情報埋め込み　KeepDry,,Failed to load extension from: /Users/daniel/Projects/uni.local/master_project/google_manifest_converter/mv3_extensions/bennjncpdnagmdljjiaknlifgdmphecd. Could not load icon 'keepdry_char_48.png' specified in 'icons'.,no,,no,,,bennjncpdnagmdljjiaknlifgdmphecd
Extra Characters,,,Could_not_test,,,,,bfbljmnkhmljnlpfndlmoeohckhghgcg
The Joe Rogan Experience Productivity Podcast,,,no,,,,no,bfmfbnlagkdfnhdeibiaimidhdaonhcm
Streak Tracker,,"Failed to load extension from: /Users/daniel/Projects/uni.local/master_project/google_manifest_converter/mv3_extensions/bgcajjlghcbaoebgfgnhjbgaipmlpdli. 'content_security_policy.extension_pages': Insecure CSP value ""https://ssl.google-analytics.com"" in directive 'script-src'.",no,,no,,,bgcajjlghcbaoebgfgnhjbgaipmlpdli
"CFCA CryptoKit.ThBigData Extension
",,Failed to load extension from: /Users/daniel/Projects/uni.local/master_project/google_manifest_converter/mv3_extensions/bggjpabhffcbppkohaapeojcmhflhagl. Manifest file is missing or unreadable,no,,no,,,bggjpabhffcbppkohaapeojcmhflhagl
unnamed,,Failed to load extension from: /Users/daniel/Projects/uni.local/master_project/google_manifest_converter/mv3_extensions/bhbokemlpmdlelkjliimdldfpamnedlj. Manifest file is missing or unreadable,no,,no,,,bhbokemlpmdlelkjliimdldfpamnedlj
Brightery Notes,,"Failed to load extension from: /Users/daniel/Projects/uni.local/master_project/google_manifest_converter/mv3_extensions/bhichmmmceomopnpgjelkhakmacmibmp. 'content_security_policy.extension_pages': Insecure CSP value ""'unsafe-eval'"" in directive 'script-src'.",no,,no,,,bhichmmmceomopnpgjelkhakmacmibmp
Github Code Review,,,Could_not_test,,,,,bhjpefidnkhmieflmgbjibmkpnaemilo
HiTravel PC版安全插件,,Failed to load extension from: /Users/daniel/Projects/uni.local/master_project/google_manifest_converter/mv3_extensions/bjopjmdidokjahnbekjliekbplkhaink. Could not load icon 'logo.png' specified in 'action'.,no,,no,,,bjopjmdidokjahnbekjliekbplkhaink
Zápisník nabídek práce,,Failed to load extension from: /Users/daniel/Projects/uni.local/master_project/google_manifest_converter/mv3_extensions/bkpdohcllhcaejhijbolghcgcdkfacom. Could not load javascript 'jquery-3.5.1.min.js' for script.,no,,no,,,bkpdohcllhcaejhijbolghcgcdkfacom
Test the Rest!,,Failed to load extension from: /Users/daniel/Projects/uni.local/master_project/google_manifest_converter/mv3_extensions/blaghicfklakdeloamnjpaoodkpeglbl. Manifest file is missing or unreadable,no,,no,,,blaghicfklakdeloamnjpaoodkpeglbl
(unnamed),,Failed to load extension from: /Users/daniel/Projects/uni.local/master_project/google_manifest_converter/mv3_extensions/bleldoicciehkibfgnpmelglegmmgcnj. Manifest file is missing or unreadable,no,,no,,,bleldoicciehkibfgnpmelglegmmgcnj
实时行情助手火币版 - 实时查看代币涨跌幅,,"Failed to load extension from: /Users/daniel/Projects/uni.local/master_project/google_manifest_converter/mv3_extensions/blhmbnpjfldjoopigndnecfdkemhbmef. 'content_security_policy.extension_pages': Insecure CSP value ""'unsafe-eval'"" in directive 'script-src'.",no,,no,,,blhmbnpjfldjoopigndnecfdkemhbmef
BLAST for Seller Central,,,Could_not_test,,,,,blndcbbnjekmjhgeaefcdmjijfmgcnjg
Tabby Face,,Failed to load extension from: /Users/daniel/Projects/uni.local/master_project/google_manifest_converter/mv3_extensions/bndfdncjampimpibnblidhoepkhbpeaa. Could not load icon 'images/icon16.png' specified in 'icons'.,no,,no,,,bndfdncjampimpibnblidhoepkhbpeaa
Arasak.com,,,yes,,,,,boaeobjcahicijkejbedemnaoibnmgmp
AppEncuestas,,Failed to load extension from: /Users/daniel/Projects/uni.local/master_project/google_manifest_converter/mv3_extensions/boekfjjlekafbaldmpoimjbcecnfjohd. Could not load icon 'icon16.png' specified in 'icons'.,no,,no,,,boekfjjlekafbaldmpoimjbcecnfjohd
"Airbnb Zoning Cross-Reference Extension
",,Failed to load extension from: /Users/daniel/Projects/uni.local/master_project/google_manifest_converter/mv3_extensions/bpikjpiahcghfboceffhojblkpfofbjf. Manifest file is missing or unreadable,no,,no,,,bpikjpiahcghfboceffhojblkpfofbjf
賽考利克泰雅語翻譯,,Failed to load extension from: /Users/daniel/Projects/uni.local/master_project/google_manifest_converter/mv3_extensions/caccbdlmcdnnimccpgammdabicibcbmp. Could not load icon 'icon16.png' specified in 'icons'.,no,,no,,,caccbdlmcdnnimccpgammdabicibcbmp
"VocaDict - Search Once, Remember Forever",,"Failed to load extension from: /Users/daniel/Projects/uni.local/master_project/google_manifest_converter/mv3_extensions/cbdadgfefpgaiiefilhjlbgnjhkffhmo. 'content_security_policy.extension_pages': Insecure CSP value ""'unsafe-eval'"" in directive 'script-src'.",no,,no,,,cbdadgfefpgaiiefilhjlbgnjhkffhmo
Nuke Dialog,,Failed to load extension from: /Users/daniel/Projects/uni.local/master_project/google_manifest_converter/mv3_extensions/cbhgkjdeinacfjhpfcilpneemghgoham. Could not load javascript 'mutation.js' for script.,no,,no,,,cbhgkjdeinacfjhpfcilpneemghgoham
(unnamed),,Failed to load extension from: /Users/daniel/Projects/uni.local/master_project/google_manifest_converter/mv3_extensions/cboiihjkpoglonpcokofnogklldjanog. Manifest file is missing or unreadable,no,,no,,,cboiihjkpoglonpcokofnogklldjanog
Aba smart downloader,,Failed to load extension from: /Users/daniel/Projects/uni.local/master_project/google_manifest_converter/mv3_extensions/ccfjahpenjnbdmbeonmmclmlhkbomfpa. Manifest file is missing or unreadable,no,,no,,,ccfjahpenjnbdmbeonmmclmlhkbomfpa
Jelly Party,,"Failed to load extension from: /Users/daniel/Projects/uni.local/master_project/google_manifest_converter/mv3_extensions/ccnkhcmepilmneogdbpedlampjacacce. 'content_security_policy.extension_pages': Insecure CSP value ""'unsafe-eval'"" in directive 'script-src'.",no,,no,,,ccnkhcmepilmneogdbpedlampjacacce
AvJuicy Plugin,,Failed to load extension from: /Users/daniel/Projects/uni.local/master_project/google_manifest_converter/mv3_extensions/ccocombhhhapoooihkdgdlhkcknhndgc. Manifest file is missing or unreadable,no,,no,,,ccocombhhhapoooihkdgdlhkcknhndgc
mdjs-viewer,,"Failed to load extension from: /Users/daniel/Projects/uni.local/master_project/google_manifest_converter/mv3_extensions/cdaiopnpmkfoeonhcihiagiecjjonfah. 'content_security_policy.extension_pages': Insecure CSP value ""'unsafe-eval'"" in directive 'script-src'.",no,,no,,,cdaiopnpmkfoeonhcihiagiecjjonfah
YouTube Dislike and IMDb forum restorer,,Failed to load extension from: /Users/daniel/Projects/uni.local/master_project/google_manifest_converter/mv3_extensions/cdcmkgmpkgcpbciedjgkddedeoeafmlm. Could not load javascript 'content.js' for script.,no,,no,,,cdcmkgmpkgcpbciedjgkddedeoeafmlm
Boom Beach Search,,Failed to load extension from: /Users/daniel/Projects/uni.local/master_project/google_manifest_converter/mv3_extensions/cfodmpfppkdledadbdaidmgghhgmkdni. Could not load icon 'icons/icon16.png' specified in 'icons'.,no,,no,,,cfodmpfppkdledadbdaidmgghhgmkdni
閲覧履歴ポップアップ検索,,Failed to load extension from: /Users/daniel/Projects/uni.local/master_project/google_manifest_converter/mv3_extensions/cgjhiddkdoogbpnlkdddodcckhdodfep. Could not load icon 'images/icon16.png' specified in 'icons'.,no,,no,,,cgjhiddkdoogbpnlkdddodcckhdodfep
ShardEx,,"Failed to load extension from: /Users/daniel/Projects/uni.local/master_project/google_manifest_converter/mv3_extensions/cgnpnjmjklfcalnkjadmhakigcmfkeih. 'content_security_policy.extension_pages': Insecure CSP value ""'wasm-eval'"" in directive 'script-src'.",no,,no,,,cgnpnjmjklfcalnkjadmhakigcmfkeih
Tecnohoy Venezuela,,"Failed to load extension from: /Users/daniel/Projects/uni.local/master_project/google_manifest_converter/mv3_extensions/cgpopilahkkaonoibdgcpaehcflnkklj. 'content_security_policy.extension_pages': Insecure CSP value ""https://www.google.com"" in directive 'script-src'.",no,,no,,,cgpopilahkkaonoibdgcpaehcflnkklj
"香港查書易[圖書館,商店,大學]",,Failed to load extension from: /Users/daniel/Projects/uni.local/master_project/google_manifest_converter/mv3_extensions/chlmccdddekohhoocdhhcipbbhccaadp. Could not load javascript 'js/jquery.min.js' for script.,no,,no,,,chlmccdddekohhoocdhhcipbbhccaadp
"Скупка автомобильных катализаторов
",,,Could_not_test,,,,,ciodheinffecofepblkhkljfmagnnckk
TabAddict,,Failed to load extension from: /Users/daniel/Projects/uni.local/master_project/google_manifest_converter/mv3_extensions/cjfcggncifmbgbmndiplmoebchjfifbn. Manifest file is missing or unreadable,no,,no,,,cjfcggncifmbgbmndiplmoebchjfifbn
QPocket,,"Failed to load extension from: /Users/daniel/Projects/uni.local/master_project/google_manifest_converter/mv3_extensions/cjkdhmpngnpbcdjmmklijgfoincfapcm. 'content_security_policy.extension_pages': Insecure CSP value ""'unsafe-eval'"" in directive 'script-src'.",no,,no,,,cjkdhmpngnpbcdjmmklijgfoincfapcm
Right-click to search Slate - by Lloyd,,Failed to load extension from: /Users/daniel/Projects/uni.local/master_project/google_manifest_converter/mv3_extensions/ckgfpdpkcnegmgnjljjeambdgdggaoae. Could not load icon 'icon-48.png' specified in 'icons'.,no,,no,,,ckgfpdpkcnegmgnjljjeambdgdggaoae
Gifaster,,,yes,,,,,ckhljhdocmhkniefinppahmcgonpemlf
Fastreel by Movavi | Online Video Editor,,,Could_not_test,,,,,cmpnokappeagbppedghnpngakhfjeenh
,,,Could_not_test,,,,,cnhkghcbdppfomnpnhilbpinkajgmkjg
Repeater,,,no,,,,,coaeeoeibgkgpamkpckcdgaobkjonion
Make Kanban boards more scanable,,Failed to load extension from: /Users/daniel/Projects/uni.local/master_project/google_manifest_converter/mv3_extensions/coamhmbkfikjjkfplcocinhjgmpdaeaf. Could not load css 'styles.css' for script.,no,,no,,,coamhmbkfikjjkfplcocinhjgmpdaeaf
Wevuw: Review the Web,,Failed to load extension from: /Users/daniel/Projects/uni.local/master_project/google_manifest_converter/mv3_extensions/cocpfkobggjbobpnmklfambchdegmhob. Could not load icon 'assets/icon-48.png' specified in 'icons'.,no,,no,,,cocpfkobggjbobpnmklfambchdegmhob
CommenTab,,Failed to load extension from: /Users/daniel/Projects/uni.local/master_project/google_manifest_converter/mv3_extensions/cpddacmhomhmpalfdggoklegadnldpgl. Could not load icon 'commentab-16.png' specified in 'icons'.,no,,no,,,cpddacmhomhmpalfdggoklegadnldpgl
Добавьте Mail.Ru как домашнюю страницу,,,Could_not_test,,,,,dafeagfjbepchdnobdiagopikjnpebpj
Style's Got Mike,,Failed to load extension from: /Users/daniel/Projects/uni.local/master_project/google_manifest_converter/mv3_extensions/damliljmlfomcpbidlblngfjgmflpomh. Manifest file is missing or unreadable,no,,no,,,damliljmlfomcpbidlblngfjgmflpomh
urlcmd,,Failed to load extension from: /Users/daniel/Projects/uni.local/master_project/google_manifest_converter/mv3_extensions/dcbilkcifcfhkcfiphobdndfhfbfnmmm. Manifest file is missing or unreadable,no,,no,,,dcbilkcifcfhkcfiphobdndfhfbfnmmm
Tuding screensharing,,Failed to load extension from: /Users/daniel/Projects/uni.local/master_project/google_manifest_converter/mv3_extensions/dckeccolfaoocphknhelfpdhbjikcpnl. Could not load icon 'logo16.png' specified in 'icons'.,no,,no,,,dckeccolfaoocphknhelfpdhbjikcpnl
Dịch Vụ Thiết Kế Website Giá Rẻ WebsiteViet,,,Could_not_test,,,,,ddkhocdgafdhklifabjacljbfmmiidko
Welcome to the internet,,,yes,,,,,decefkmlddohiggelbifkoaobjekalhj
MangoSigns Chrome Player,,,no,,,,,dedcmfbnakehkhniojlfofffmemedhee
"Scrumcoon-trello
",,Failed to load extension from: /Users/daniel/Projects/uni.local/master_project/google_manifest_converter/mv3_extensions/dedlkenbgjlkpamjkinfgejljkifmimd. Could not load javascript 'bower_components/firebase/firebase-database.js' for script.,no,,no,,,dedlkenbgjlkpamjkinfgejljkifmimd
Прием катализаторов,,,Could_not_test,,,,,dekdaonldakgdpgkgfeiohamdfjfpccc
ThingamaTABS,,"Failed to load extension from: /Users/daniel/Projects/uni.local/master_project/google_manifest_converter/mv3_extensions/dfabnoahjnbkpfpadnngfiamnmombjmc. 'content_security_policy.extension_pages': Insecure CSP value ""'unsafe-eval'"" in directive 'script-src'.",no,,no,,,dfabnoahjnbkpfpadnngfiamnmombjmc
"Movavi Slideshow Maker 6.6.1
",,,Could_not_test,,,,,dfcbllpmkfdlmcjpibfincichchlamnp
Runnr,,Failed to load extension from: /Users/daniel/Projects/uni.local/master_project/google_manifest_converter/mv3_extensions/dfcpillpkonfkgmodjgechmedhgolpbk. Manifest file is missing or unreadable,no,,no,,,dfcpillpkonfkgmodjgechmedhgolpbk
nottin,,Failed to load extension from: /Users/daniel/Projects/uni.local/master_project/google_manifest_converter/mv3_extensions/dfgnmnhpepngcfigngikmojdpndblcdm. Could not load icon 'icon.png' specified in 'action'.,no,,no,,,dfgnmnhpepngcfigngikmojdpndblcdm
Opal Miner,,,Could_not_test,,,,,dfgplcpanfdnknbmcaghggjpnllpddik
Kick me off,,,no,,,,no,dfinmoanpfepmadmnihefempeefdekhi
(unnamed),,Failed to load extension from: /Users/daniel/Projects/uni.local/master_project/google_manifest_converter/mv3_extensions/dfjikpibamfdjmbehgmmibhcbjhlleji. Manifest file is missing or unreadable],no,,no,,,dfjikpibamfdjmbehgmmibhcbjhlleji
Firebase Auth in Chrome Extension Sample,,,Could_not_test,,,,,dglcceamkcjlcoblhkmjcgnmkpbjofeh
Best Google SEO Helper,,Failed to load extension from: /Users/daniel/Projects/uni.local/master_project/google_manifest_converter/mv3_extensions/dhenabeepcbhcpbkeebhfijlmioihcjd. Could not load icon 'logo128x128.png' specified in 'icons'.,no,,no,,,dhenabeepcbhcpbkeebhfijlmioihcjd
Brightery Mega Marketing,,"Failed to load extension from: /Users/daniel/Projects/uni.local/master_project/google_manifest_converter/mv3_extensions/diggamfbkfkklacaagembohiabdmmigm. 'content_security_policy.extension_pages': Insecure CSP value ""'unsafe-eval'"" in directive 'script-src'.",no,,no,,,diggamfbkfkklacaagembohiabdmmigm
TP Weather,,"Failed to load extension from: /Users/daniel/Projects/uni.local/master_project/google_manifest_converter/mv3_extensions/djigkpimlnkmhbimadilgjimhheohmam. 'content_security_policy.extension_pages': Insecure CSP value ""https://ssl.google-analytics.com"" in directive 'script-src'.",no,,no,,,djigkpimlnkmhbimadilgjimhheohmam
Firebase Auth in Chrome Extension Sample,,,Could_not_test,,,,,dkfmdjgeddbaikjkpjemidgkfaglamdb
Concept&Go,,Failed to load extension from: /Users/daniel/Projects/uni.local/master_project/google_manifest_converter/mv3_extensions/dkheaplknmplgdcaffadpicnbooojlob. Catalog file is missing for locale en.,no,,no,,,dkheaplknmplgdcaffadpicnbooojlob
Rapid Donor,,Failed to load extension from: /Users/daniel/Projects/uni.local/master_project/google_manifest_converter/mv3_extensions/dkhleleeagmdkdfcknkdjnmbnlknniaf. The chrome_style option cannot be used with manifest version 3.,no,,no,,,dkhleleeagmdkdfcknkdjnmbnlknniaf
Firebase Auth in Chrome Extension Sample,,,Could_not_test,,,,,dldageaefkkpikojmigdnpmdeoapdjed
Button: Clear Browsing Data,,Failed to load extension from: /Users/daniel/Projects/uni.local/master_project/google_manifest_converter/mv3_extensions/dlgjlpalfblohgbnneomemgednccmgga. The chrome_style option cannot be used with manifest version 3.,no,,no,,,dlgjlpalfblohgbnneomemgednccmgga
King Crab Party,,Failed to load extension from: /Users/daniel/Projects/uni.local/master_project/google_manifest_converter/mv3_extensions/dllkogdmbanlppjpgdibfkbblbaahijn. Could not load icon 'icon.png' specified in 'action'.,no,,no,,,dllkogdmbanlppjpgdibfkbblbaahijn
Box for tabs,,Failed to load extension from: /Users/daniel/Projects/uni.local/master_project/google_manifest_converter/mv3_extensions/dmpcdfoaekmmapemolheegecabijlbmf. Manifest file is missing or unreadable,no,,no,,,dmpcdfoaekmmapemolheegecabijlbmf
mysms - SMS/Text from Computer,,Failed to load extension from: /Users/daniel/Projects/uni.local/master_project/google_manifest_converter/mv3_extensions/doakbobgenagienigbbpliopkckofhcf. Manifest file is missing or unreadable,no,,no,,,doakbobgenagienigbbpliopkckofhcf
Loadedcamp Media,,,Could_not_test,,,,,dpdgihjlickjhbckeonffhjajkbomeoc
WuCuoZi - Chinese spelling checker,,Failed to load extension from: /Users/daniel/Projects/uni.local/master_project/google_manifest_converter/mv3_extensions/dphbcfdndilkgccpjkaihiaoccfmkekn. Could not load javascript 'vendor.js' for script.,no,,no,,,dphbcfdndilkgccpjkaihiaoccfmkekn
FinnPluss - Ekstra funksjoner til finn.no,,Failed to load extension from: /Users/daniel/Projects/uni.local/master_project/google_manifest_converter/mv3_extensions/dpnlficaljgoljhpoomkhfnodjnbcklm. Manifest file is missing or unreadable,no,,no,,,dpnlficaljgoljhpoomkhfnodjnbcklm
intentsearch.com,,Failed to load extension from: /Users/daniel/Projects/uni.local/master_project/google_manifest_converter/mv3_extensions/eaaoedpoomkjfdlfhppcbflgdpfeaohb. Could not load icon 'images/logo.png' specified in 'icons'.,no,,no,,,eaaoedpoomkjfdlfhppcbflgdpfeaohb
Spotify Launcher,,Failed to load extension from: /Users/daniel/Projects/uni.local/master_project/google_manifest_converter/mv3_extensions/eapcahpeapnknojnndbomagicopopiic. Manifest file is missing or unreadable,no,,no,,,eapcahpeapnknojnndbomagicopopiic
BinHexr,,Failed to load extension from: /Users/daniel/Projects/uni.local/master_project/google_manifest_converter/mv3_extensions/eapmdkoepipnkeinhajebnopkgpndlgk. Manifest file is missing or unreadable,no,,no,,,eapmdkoepipnkeinhajebnopkgpndlgk
Popup Hatebu Comment,,Failed to load extension from: /Users/daniel/Projects/uni.local/master_project/google_manifest_converter/mv3_extensions/ebmgagejcifbcebdbiiodjjaamgiamle. Could not load javascript 'content.js' for script.,no,,no,,,ebmgagejcifbcebdbiiodjjaamgiamle
Movavi Video Editor 2020,,Failed to load extension from: /Users/daniel/Projects/uni.local/master_project/google_manifest_converter/mv3_extensions/ecfghdaebifhpkhakaombcbekjpjhnkh. Required value 'version' is missing or invalid. It must be between 1-4 dot-separated integers each between 0 and 65536.,no,,no,,,ecfghdaebifhpkhakaombcbekjpjhnkh
SPACER #1,,,yes,,,,,ecogijbkokfnojglblmffahehjkjlnfc
Issue comment for GitHub,,"Failed to load extension from: /Users/daniel/Projects/uni.local/master_project/google_manifest_converter/mv3_extensions/edcmdkajjaphafjijhpebmeaogoeeeam. 'content_security_policy.extension_pages': Insecure CSP value ""'unsafe-eval'"" in directive 'script-src'.",no,,no,,,edcmdkajjaphafjijhpebmeaogoeeeam
TELUS Business Connect for Microsoft 365,,Failed to load extension from: /Users/daniel/Projects/uni.local/master_project/google_manifest_converter/mv3_extensions/ededhhcknlpomfmcoibofbjflechmpmi. Manifest file is missing or unreadable,no,,no,,,ededhhcknlpomfmcoibofbjflechmpmi
Valise Cabine,,,Could_not_test,,,,,edfdgimilfiboemdjadadigmkeajocmn
Double Trans,,Failed to load extension from: /Users/daniel/Projects/uni.local/master_project/google_manifest_converter/mv3_extensions/edfflpconbnjmnejkmeddehoeccenmic. Manifest file is missing or unreadable,no,,no,,,edfflpconbnjmnejkmeddehoeccenmic
SOLINFO.ro,,Failed to load extension from: /Users/daniel/Projects/uni.local/master_project/google_manifest_converter/mv3_extensions/eejhdkkihlmampdfllofghbdlojapfbf. Manifest file is missing or unreadable,no,,no,,,eejhdkkihlmampdfllofghbdlojapfbf
BDWMBBS-BLOCKER(北大未名BBS屏蔽插件),,Failed to load extension from: /Users/daniel/Projects/uni.local/master_project/google_manifest_converter/mv3_extensions/eendnbabcpbjdielmebjfbigakffmhdg. Manifest file is missing or unreadable,no,,no,,,eendnbabcpbjdielmebjfbigakffmhdg
Wildfire,,Failed to load extension from: /Users/daniel/Projects/uni.local/master_project/google_manifest_converter/mv3_extensions/eeoeakefoojbgmmileebfcjgdgpekfae. Manifest file is missing or unreadable,no,,no,,,eeoeakefoojbgmmileebfcjgdgpekfae
Hydrawallet,,Failed to load extension from: /Users/daniel/Projects/uni.local/master_project/google_manifest_converter/mv3_extensions/efifejldhjgaahmmilfjlcnegkghglpl. Manifest file is missing or unreadable,no,,no,,,efifejldhjgaahmmilfjlcnegkghglpl
DeRocket Star,,Failed to load extension from: /Users/daniel/Projects/uni.local/master_project/google_manifest_converter/mv3_extensions/efknekcleeppkeihidbeoggjfdenogob. Manifest file is missing or unreadable,no,,no,,,efknekcleeppkeihidbeoggjfdenogob
Anonymous VPN - WebRTC leak prevent,,,Could_not_test,,,,,egehmnkakhfbiiccgpdpfmblhnmmjbej
In-stock Alerts (Beta),,,yes,,,,,ehbnlikfgampfogacpfebaphikdgcdpd
Leonardo: Size Fitting for Apparel & Clothing,,"Failed to load extension from: /Users/daniel/Projects/uni.local/master_project/google_manifest_converter/mv3_extensions/ehhoppehlpohjjbflmffjpoblnfhikbi. 'content_security_policy.extension_pages': Insecure CSP value ""https://www.googletagmanager.com"" in directive 'script-src'.",no,,no,,,ehhoppehlpohjjbflmffjpoblnfhikbi
Packagist.org search engine,,,yes,,,,,ehijbdhgohbfpmkpjlldgjdlnlgaigpa
President Trump,,,yes,,,,,ehjkaidpgimmpcpllfmcdnlfdjffogcp
不要通知我,,"Failed to load extension from: /Users/daniel/Projects/uni.local/master_project/google_manifest_converter/mv3_extensions/eibmigfcioanajpaanidbiakcagepmkn. 'content_security_policy.extension_pages': Insecure CSP value ""'unsafe-eval'"" in directive 'script-src'.",no,,no,,,eibmigfcioanajpaanidbiakcagepmkn
Full-Window Player for YouTube,,,no,,,,,eifhnmgbkcbehcaabdmgmbgnlaheadpn
June,,,yes,,,,,eihjingefkckjcdlmjidkefbcbbofdhf
千锋自动测评,,"Failed to load extension from: /Users/daniel/Projects/uni.local/master_project/google_manifest_converter/mv3_extensions/eipojanlhhffickbpoegkafcpndafgoj. 'content_security_policy.extension_pages': Insecure CSP value ""'unsafe-eval'"" in directive 'script-src'.",no,,no,,,eipojanlhhffickbpoegkafcpndafgoj
GoldenWert,,website down,no,,,,,ekghhlpfokopajdolpolpcanmhmpghom
H-Header,,Failed to load extension from: /Users/daniel/Projects/uni.local/master_project/google_manifest_converter/mv3_extensions/ekgipgiaopkfpcbkjfmkfnnbnkohohkl. The chrome_style option cannot be used with manifest version 3.,no,,no,,,ekgipgiaopkfpcbkjfmkfnnbnkohohkl
Codeigniter 2.2 User Guide,,,yes,,,,,eknnbnlelphbhliemonijibinfllliad
シンクロチューブ,,,Could_not_test,,,,,ekoncmgcdjjfkpefjfenfbahpkhilekk
HealthFin Data Collector,,,Could_not_test,,,,,eleicddmliaclipkmdgghdeikiejgpcl
Text Tube,,,no,,,,,elkgdelckkldlcejjamdagmbfghichll
Torch Search,,,yes,,,,,ellccpkcncpogdfafgjejjnfkceedlcn
Turbo Chrome - Navegue mais rápido!,,,no,,,,no,emcjdngajkpbakgnkdgcchihghefikao
wekey extensions,,,no,,no,,,emegfipbpkljffffokfbefjjmofmdmgn
gas - gtm Tool,,,Could_not_test,,,,,enfmooofdgnemgekikojihpceobljgep
Stop Tabs 10,,,no,,,,,enkgpigninikpjifapaeakfdmpkblnbl
Copernic Desktop Search Connector,,,Could_not_test,,,,,ennaiiiicpcoamlefkcgdccmjcknnocl
Vocabera,,Failed to load extension from: /Users/daniel/Projects/uni.local/master_project/google_manifest_converter/mv3_extensions/ennjefgehhmkgbeeckkaamhcohhghilf. Cannot install extension because it uses an unsupported manifest version.,no,,No,,,ennjefgehhmkgbeeckkaamhcohhghilf
Internet-Start,,,yes,,,,,ennnhdcfleapfgmpkbkpaagfejfnibkg
PlayGround,,"Failed to load extension from: /Users/daniel/Projects/uni.local/master_project/google_manifest_converter/mv3_extensions/enobkmonaalllckgcjlpcmjeoihgjfne. 'content_security_policy.extension_pages': Insecure CSP value ""'unsafe-eval'"" in directive 'script-src'.",no,,No,,,enobkmonaalllckgcjlpcmjeoihgjfne
Mark&Go,,"Failed to load extension from: /Users/daniel/Projects/uni.local/master_project/google_manifest_converter/mv3_extensions/eockakolmhcbpimokdidgpjgemlhajib. 'content_security_policy.extension_pages': Insecure CSP value ""'unsafe-eval'"" in directive 'script-src'.",no,,No,,,eockakolmhcbpimokdidgpjgemlhajib
KURT Seguros,,,Could_not_test,,,,,eoojigjmgmaifeejbccfhnhedmjmnhdb
Trump to Individual-1,,,no,,No,,,epkpilgligfpajldnkmobmpfhddigoch
allround-login,,,no,,,,,fafjdbenbdpjebkejkjpldncikbddpef
招聘助手,,Failed to load extension from: /Users/daniel/Projects/uni.local/master_project/google_manifest_converter/mv3_extensions/fbbfeoonjjfkimagopijninbfdddodfh. Could not load javascript 'js/libs/jquery-1.11.3.min.js' for script.,no,,no,,,fbbfeoonjjfkimagopijninbfdddodfh
"OrbitFenix Flash Enabler
",,,no,yes,,,,fbgikljdagbanfgiimachifckbdnmnlf
jike.k,,,Could_not_test,,,,,feclcilnnbhnocajeknbhmjkjfhkehfn
Audio Web,,,no,,,,,fedagdconefjhabnkfpdlahifhjhffjb
NCTU Dark E3,,,Could_not_test,yes,,,,felklfphngaimhchomlfbfcefdbhnhjp
CompfloUploader,,,Could_not_test,,,,,felohcdemdbdodhnghflhdbniijjeadg
"Ted Cruz, A Oil Liker",,,yes,,,,,feogbpckopjeedalklhjgjgpbeihfcnc
Readersourcing 2.0: RS_Rate,,"Failed to load extension from: /Users/daniel/Projects/uni.local/master_project/google_manifest_converter/mv3_extensions/ffaajihcojdgmniajmgeandigjbdkkgb. 'content_security_policy.extension_pages': Insecure CSP value ""https://kit.fontawesome.com"" in directive 'script-src'.",no,,No,,,ffaajihcojdgmniajmgeandigjbdkkgb
Bättre Nyheter,,Failed to load extension from: /Users/daniel/Projects/uni.local/master_project/google_manifest_converter/mv3_extensions/ffheidicfkochodegnbhiflcllaaefhi. The chrome_style option cannot be used with manifest version 3.,no,,no,,,ffheidicfkochodegnbhiflcllaaefhi
Uzvy Default Search,,,yes,,,,,ffofikficihklhkfehcfabpdofmemihh
Symfony2 Profiler shortcut,,"Failed to load extension from: /Users/daniel/Projects/uni.local/master_project/google_manifest_converter/mv3_extensions/fgafanobdbbmbfaamdffcdfbgopokelk. 'content_security_policy.extension_pages': Insecure CSP value ""https://ssl.google-analytics.com"" in directive 'script-src'.",no,,no,,,fgafanobdbbmbfaamdffcdfbgopokelk
New Tab Page - Blank,,,yes,,,,,fgammopmbkkafkclbikopphkeeilajba
(unnamed),,Failed to load extension from: /Users/daniel/Projects/uni.local/master_project/google_manifest_converter/mv3_extensions/fhockinabfenfekfoaghjojheocbnegl. Manifest file is missing or unreadable,no,,no,,,fhockinabfenfekfoaghjojheocbnegl
FCS Tech Deck,,"Failed to load extension from: /Users/daniel/Projects/uni.local/master_project/google_manifest_converter/mv3_extensions/fidhdfmgfljaobonlfcjeidncgfhlnfi. 'content_security_policy.extension_pages': Insecure CSP value ""https://ssl.google-analytics.com"" in directive 'script-src'.",no,,NO,,,fidhdfmgfljaobonlfcjeidncgfhlnfi
TrustNews,,,Could_not_test,,,,,fjlknokoibojegcomobdlanajbkcdhkc
Facebook is a trap!,,,yes,,,,,fjmbdeicipcgmmaflckgfaoekeonidjl
TabHome,,"Failed to load extension from: /Users/daniel/Projects/uni.local/master_project/google_manifest_converter/mv3_extensions/fkbmkefjindoajppnnjoanipjpgehogg. 'content_security_policy.extension_pages': Insecure CSP value ""'unsafe-eval'"" in directive 'script-src'.",no,,no,,,fkbmkefjindoajppnnjoanipjpgehogg
Afstand berekenen,,,no,,,,no,fkhbiebcklajdihgkgfdecloboimcbco
DC Metro Tracker,,,no,,,,no,fmhigajdbogngfaijmnpihcjjojkigjc
Only move,,"Failed to load extension from: /Users/daniel/Projects/uni.local/master_project/google_manifest_converter/mv3_extensions/fmnbeaicfincdiiaogkeahdjchflmmoj. 'content_security_policy.extension_pages': Insecure CSP value ""'unsafe-eval'"" in directive 'script-src'.",no,,No,,,fmnbeaicfincdiiaogkeahdjchflmmoj
Alpaka.express для веб-мастеров,,,Could_not_test,,,,,fnfpdeaijfjmaehhkpdnoieimohodbcm
Skia Buildbot Monitor,,,no,,,,no,fnkohfnhjgiepdkecjabmlpfgbgjidji
CleanThis,,,Could_not_test,,,,,fodnjpelpfdaponinleoclalnhacdfmj
Dipshit Donnie,,,yes,,,,,foffoiohhalpfaoglaoebgjjmnklnhkk
wino,,"Failed to load extension from: /Users/daniel/Projects/uni.local/master_project/google_manifest_converter/mv3_extensions/follminpdpghndmaleamimmbdhlgaepo. 'content_security_policy.extension_pages': Insecure CSP value ""'unsafe-eval'"" in directive 'script-src'.",no,,no,,,follminpdpghndmaleamimmbdhlgaepo
Pinterest画像ダウンローダー,,"`Failed to load extension from: /Users/daniel/Projects/uni.local/master_project/google_manifest_converter/mv3_extensions/fomboakkmhgboiepipehgiblbpkhicjf. 'content_security_policy.extension_pages': Insecure CSP value ""https://ssl.google-analytics.com"" in directive 'script-src'.",no,,no,,,fomboakkmhgboiepipehgiblbpkhicjf
Jitsi Partage d'écran DRDJSCS BFC,,,Could_not_test,,,,,gaapehfiodincbjnhfhndlemfnifidlg
Keep Colorado Green Facebook Banking,,,no,,,,,gamcmmbgkgadkkionimkedkaighlgaga
Da DaBaby Game,,,yes,,,,,ganoilfefbaddeibjpjogbdcjpnjnbji
SyncThemCalendars,,,Could_not_test,,,,,gaojhcekjhdbeibcjbobdnjabihchgcj
Firebase Auth in Chrome Extension Sample,,,Could_not_test,,,,,gbapciimajmhmlhohecbicaconidcgbj
TekZoom Now!,,"Failed to load extension from: /Users/daniel/Projects/uni.local/master_project/google_manifest_converter/mv3_extensions/gcliolhofgcfmijicdmgcfoeicbhebfc. 'content_security_policy.extension_pages': Insecure CSP value ""https://www.google.com"" in directive 'script-src'.",no,,No,,,gcliolhofgcfmijicdmgcfoeicbhebfc
(unnamed),,Failed to load extension from: /Users/daniel/Projects/uni.local/master_project/google_manifest_converter/mv3_extensions/gdgegpnkjddbcohnegdddhldaeodocaj. Manifest file is missing or unreadable,no,,no,,,gdgegpnkjddbcohnegdddhldaeodocaj
Univerzalni Kreditni Kalkulator,,,yes,,,,,gdpecfemoflcchiminfhcleelcolmopk
Chanta,,,no,,,,no,gdphgdnpciikoelfiganamhapemjhjdb
Find+,,Failed to load extension from: /Users/daniel/Projects/uni.local/master_project/google_manifest_converter/mv3_extensions/gedegpjjmmhgiccmigekiedmhdedgmpi. Catalog file is missing for locale en.,no,,no,,,gedegpjjmmhgiccmigekiedmhdedgmpi
Indians.com FanMail Extension,,,Could_not_test,,,,,gegmhbfkagnmenmbbgghgkdhflmidmga
Movavi Photo Manager,,Failed to load extension from: /Users/daniel/Projects/uni.local/master_project/google_manifest_converter/mv3_extensions/gfcfmagkdjgmdjnmfjbhlfmoeclpglca. Required value 'version' is missing or invalid. It must be between 1-4 dot-separated integers each between 0 and 65536.,no,,no,,,gfcfmagkdjgmdjnmfjbhlfmoeclpglca
Florida Man Trump,,,yes,,,,,gghacdgflidmgmcdmmncndihaihdalbp
GauchoMap,,"Failed to load extension from: /Users/daniel/Projects/uni.local/master_project/google_manifest_converter/mv3_extensions/ggpflhcnomanmdagjlppmklkiijkkdhd. 'content_security_policy.extension_pages': Insecure CSP value ""https://maps.googleapis.com"" in directive 'script-src'.",no,,no,,,ggpflhcnomanmdagjlppmklkiijkkdhd
FicusJS devtools,,Failed to load extension from: /Users/daniel/Projects/uni.local/master_project/google_manifest_converter/mv3_extensions/ghfinncbapddodnchdhfjnmgfkaejhmp. Could not load javascript 'lib/browser-polyfill.js' for script.,no,,no,,,ghfinncbapddodnchdhfjnmgfkaejhmp
iidxsdgvtdatasync27,,,Could_not_test,,,,,ghlijfjnodjnlekkagbjgnkfllahlecc
(unnamed),,Failed to load extension from: /Users/daniel/Projects/uni.local/master_project/google_manifest_converter/mv3_extensions/giadkdabdbdhmahngheccinffjjfoiik. Manifest file is missing or unreadable,no,,no,,,giadkdabdbdhmahngheccinffjjfoiik
askfalcon.com,,,yes,,,,,jpidmonbpnhcpgdpefgkmgaoobcdgdbn
Toster Stickers,,,Could_not_test,,,,,giijkkefkpggbpmbccmebloapelhnggk
Btools,,"Failed to load extension from: /Users/daniel/Projects/uni.local/master_project/google_manifest_converter/mv3_extensions/gjhomgniaideemmkianiahiffejoiiof. 'content_security_policy.extension_pages': Insecure CSP value ""'unsafe-eval'"" in directive 'script-src'.",no,,no,,,gjhomgniaideemmkianiahiffejoiiof
Shopee WeAnaly Tool,,"Failed to load extension from: /Users/daniel/Projects/uni.local/master_project/google_manifest_converter/mv3_extensions/gldgapmekfidghcadcgmcapekmcofipd. 'content_security_policy.extension_pages': Insecure CSP value ""'unsafe-eval'"" in directive 'script-src'.",no,,no,,,gldgapmekfidghcadcgmcapekmcofipd
Sai Council of Malaysia,,"Failed to load extension from: /Users/daniel/Projects/uni.local/master_project/google_manifest_converter/mv3_extensions/glhaigmholpejdnphinknaphmigmbkhi. 'content_security_policy.extension_pages': Insecure CSP value ""https://www.google.com"" in directive 'script-src'.",no,,No,,,glhaigmholpejdnphinknaphmigmbkhi
What did you say?,,,Could_not_test,,,,,glllfmibomedhbpomceafponabppfgmg
Mapsy,,,no,,,,,glmmbajndnlkglndcdnkiehomjkpkihn
Make Do with zhihu 2,,,no,yes,,,,glmniimhlmbfbciijmgppnoodahdhdil
FejoaAuth,,,no,,,,no,gmfnhgekmcgknlbnccifbgaolkmfdack
Bitrise build status indicator,,,Could_not_test,,,,,gmiaemibdhfgcbalghkphidpfhjkddkm
(unnamed),,Failed to load extension from: /Users/daniel/Projects/uni.local/master_project/google_manifest_converter/mv3_extensions/gmnbooobfpmpneahdodoiddocbbjllga. Manifest file is missing or unreadable,no,,no,,,gmnbooobfpmpneahdodoiddocbbjllga
SNAILPLAY,,,no,,,,no,gmphmnmdmcdlejpeldlpnkhifppmanca
hivetips,,"Failed to load extension from: /Users/daniel/Projects/uni.local/master_project/google_manifest_converter/mv3_extensions/gnapooibnagamngemlkkjmjfkmgbdmcl. 'content_security_policy.extension_pages': Insecure CSP value ""'unsafe-eval'"" in directive 'script-src'.",no,,no,,,gnapooibnagamngemlkkjmjfkmgbdmcl
Тест на профориентацию,,,yes,,,,,gojdeelmcgmmjoadcjpicpkejkjbbfhc
Mitt Romney's Nephew,,,yes,,,,,gpcmeiebpflemahameeillncgfiifphg
Information Visualization of Browser History,,Failed to load extension from: /Users/daniel/Projects/uni.local/master_project/google_manifest_converter/mv3_extensions/gpjdfganijinlpncdlpcdlphldggdmfc. Cannot install extension because it uses an unsupported manifest version.,no,,no,,,gpjdfganijinlpncdlpcdlphldggdmfc
So Chase Me,,,Could_not_test,,,,,gpkihnjhjfnnlklfokjfplnpdjjnmimh
Twitter Assistant,,,Could_not_test,,,,,gpmcjjjajpdjpcogciopbjbnagmdalfd
Ticket Master Data,,,Could_not_test,,,,,hafpbfgcfiaphbmmagehgpcjkbebfofp
abctx,,,yes,,,,,haimmmglahdcjolpldbbjdehfcihjlim
Grids & Rulers,,Failed to load extension from: /Users/daniel/Projects/uni.local/master_project/google_manifest_converter/mv3_extensions/hanjfllnmjomdjconodgalakmmdkcnmk. Could not load javascript 'lib/chrome-polyfill.js' for script.,no,,no,,,hanjfllnmjomdjconodgalakmmdkcnmk
PIZZARIA Integrale,,Failed to load extension from: /Users/daniel/Projects/uni.local/master_project/google_manifest_converter/mv3_extensions/hcghgegolfhjekgieokjnkifolmhmepe. Invalid type for 'default_popup'.,no,,No,,,hcghgegolfhjekgieokjnkifolmhmepe
The Client Relations Factory,,,Could_not_test,,,,,hcmepffgbbenebplmolgcppogkkkfnma
Nicely.cc,,,no,,,,,hdhafnlnpgihafppplpdfbdhjionmpin
Trilliant - Product Reviews with Pictures,,"Failed to load extension from: /Users/daniel/Projects/uni.local/master_project/google_manifest_converter/mv3_extensions/hdifgcbbielfnleajkgbelepjookhcji. 'content_security_policy.extension_pages': Insecure CSP value ""'sha256-GgRxrVOKNdB4LrRsVPDSbzvfdV4UqglmviH9GoBJ5jk='"" in directive 'script-src'.",no,,No,,,hdifgcbbielfnleajkgbelepjookhcji
Github Hoverscope,,,no,,,,,hebmopjpmnpcliimdcacdiliomcclfoo
Kitap.kz Downloader,,,Could_not_test,,,,,heenegfokphjkmogeccbaindjjnpijck
WaterMe,,"Failed to load extension from: /Users/daniel/Projects/uni.local/master_project/google_manifest_converter/mv3_extensions/hfcmeikimmjeojjfjkoiblijpllbgpnk. 'content_security_policy.extension_pages': Insecure CSP value ""https://ajax.googleapis.com"" in directive 'script-src'.",no,,No,,,hfcmeikimmjeojjfjkoiblijpllbgpnk
Healing Crystals,,,Could_not_test,,,,,hgaofhcidmhfjmmapdknkofgchogocll
Twitter Censor,,,Could_not_test,,,,,hgdmkcdlldldkeahjgjejcjhkmidnbfm
grnDBLP,,Failed to load extension from: /Users/daniel/Projects/uni.local/master_project/google_manifest_converter/mv3_extensions/hhbhcggbfgajhepphiabjejhjcdedcpk. The chrome_style option cannot be used with manifest version 3.,no,,no,,,hhbhcggbfgajhepphiabjejhjcdedcpk
Easy SEO,,,no,,,,no,hhhnlfjjgehegpojcilpebhmldcjgjjg
Login to Community (quickly) for Salesforce,,,Could_not_test,yes,,,,hhinchjegkfefcpdhkghcinpkkenjgdf
cookie快速模拟,,,no,,,,no,hholgmphhacfggakbffioccbmcnmkckg
CFCA CertEnrollment.NBCB Extension,,,Could_not_test,,,,,hijfpflgcdkckgihbjlpengkommanmbe
My Extension,,,Could_not_test,,,,,hjmpphjfbnmbddhcpmdaaophlabjenil
Unit Converter,,,yes,,,,,hkemkgpbjkglonlpilanmeaoahgkhmcn
COVID19 Statistics on New Tab,,,yes,yes,,,,hkghkfjmhdkandmlbjdigjhaldhdjpof
DocuVantage OnDemand Gmail Connector,,,Could_not_test,yes,,,,hkhlocepmjgohkgmghaogfpafmocjkla
CMUDirectory,,,no,,,,,hkiecdebiebblkedibdmjcjnmmikplcl
amCoffee,,"Failed to load extension from: /Users/daniel/Projects/uni.local/master_project/google_manifest_converter/mv3_extensions/hljeeelkdfhjpbekcgjnobenjbdeknhb. 'content_security_policy.extension_pages': Insecure CSP value ""https://apis.google.com"" in directive 'script-src'.",no,,no,,,hljeeelkdfhjpbekcgjnobenjbdeknhb
ContentStudio - Social Media Scheduler,,"Failed to load extension from: /Users/daniel/Projects/uni.local/master_project/google_manifest_converter/mv3_extensions/hmlbbpbfhpdlgfnpdlgkjbkkbfhpaoai. 'content_security_policy.extension_pages': Insecure CSP value ""'unsafe-eval'"" in directive 'script-src'.",no,,no,,,hmlbbpbfhpdlgfnpdlgkjbkkbfhpaoai
PC Protect Safe Site,,"Failed to load extension from: /Users/daniel/Projects/uni.local/master_project/google_manifest_converter/mv3_extensions/hnckgnbicnmpdppjnbchkokjinfhfpla. 'content_security_policy.extension_pages': Insecure CSP value ""'unsafe-eval'"" in directive 'script-src'.",no,,no,,,hnckgnbicnmpdppjnbchkokjinfhfpla
Glitch App to Project,,,Could_not_test,,,,,hndckmccaaoclfpiagnjocnfclgnfije
Kastio Video Conference ScreenShare,,,Could_not_test,,,,,hodphpbkkfioipjgeohmbaeejipplmae
"Etsy - Export payments
",,,Could_not_test,,,,,hojdaeaggpookhlhhilkbibkfbnmpgpa
蝦皮賣家黑精靈,,"Failed to load extension from: /Users/daniel/Projects/uni.local/master_project/google_manifest_converter/mv3_extensions/holkaimpefmoidkdamcdfogjdbopihoe. 'content_security_policy.extension_pages': Insecure CSP value ""'unsafe-eval'"" in directive 'script-src'.",no,,No,,,holkaimpefmoidkdamcdfogjdbopihoe
Gardener Bot,,,Could_not_test,yes,,,,hpnknoigkkchlbhimjcncapoilgbkfmo
Casino Bonus Tips,,,Could_not_test,,,,,iagmopmpiecjlmiebkcmlidkcajmalli
Sendroid,,,Could_not_test,,,,,ibchpjahjhifolbghpjgfciabdcdnpid
Autoreloader: Reload tab on file change (Win),,,Could_not_test,,,,,ibkmmlejbcdiljjbcoibpmkionnjmlbn
GitHub Code Wrap,,,no,,,,,ickpbgkmjodbclmejbijgilcdccminfd
Sparkles,,,yes,,,,,idcmeohcendflladpgjlmbjhajiaddkg
«Фабрика объявлений»,,,yes,,,,,idjoiihokgcjamodpblidfgcapoganng
TIL - Learn something new in every tab,,"Failed to load extension from: /Users/daniel/Projects/uni.local/master_project/google_manifest_converter/mv3_extensions/idjpogkmgpbfokejnjegjlfniocgfhnp. 'content_security_policy.extension_pages': Insecure CSP value ""https://www.googletagmanager.com"" in directive 'script-src'.",no,,No,,,idjpogkmgpbfokejnjegjlfniocgfhnp
Countdown to Christmas Day,,,yes,,,,,idlfipfkeckfbnknbmeadjgjdicgjjli
(unnamed),,Failed to load extension from: /Users/daniel/Projects/uni.local/master_project/google_manifest_converter/mv3_extensions/idojlgkdoohgidhpcjamhpdaofafiocj. Manifest file is missing or unreadable,no,,no,,,idojlgkdoohgidhpcjamhpdaofafiocj
SkySplore Search Engine,,,yes,,,,,iebcnmngfmbgmjbikgjdoddhgjdpaehi
HoloPlayer for Facebook,,,Could_not_test,,,,,ifddjhjeeeahbfboonedjbpbfojidadh
Global Stike,,,no,,No,,,iffoooedmcnghpgdkaebfepbagcbicop
Meteor,,,No,,no,,,ifinhiedefieainkbjjjcomcfnjceofd
TooButtons,,,yes,,,,,ifkickiginfocccnhcfifmejechhmbli
JCT - Login,,,Could_not_test,,,,,igbaaplkmhfcfempadclobapcobgfnhc
4BOSELL HELPER,,,Could_not_test,yes,,,,igehidgmdciajedkhlpekpanbehflipk
(unnamed),,Failed to load extension from: /Users/daniel/Projects/uni.local/master_project/google_manifest_converter/mv3_extensions/igfbjepcmlgabkgpkpbklmpbbnlagcoj. Manifest file is missing or unreadable,no,,No,,,igfbjepcmlgabkgpkpbklmpbbnlagcoj
Better Network Panel,,,no,,,,,igoojenlmajfglpidhkimplbmcjlponi
Gist User Script Manager,,"Failed to load extension from: /Users/daniel/Projects/uni.local/master_project/google_manifest_converter/mv3_extensions/ihdanbaefbkjdfpkoaeghlhlojepjjgk. 'content_security_policy.extension_pages': Insecure CSP value ""'unsafe-eval'"" in directive 'script-src'.",no,,no,,,ihdanbaefbkjdfpkoaeghlhlojepjjgk
Diary@AllChk,,,no,,,,,ihmogkmilpcjjflgahkelgnjmcpmbjfm
MeetInOne Extension for Google Meet,,"Failed to load extension from: /Users/daniel/Projects/uni.local/master_project/google_manifest_converter/mv3_extensions/iikcdekihignkjbecpckckoidkmjbkoj. 'content_security_policy.extension_pages': Insecure CSP value ""'unsafe-eval'"" in directive 'script-src'.",no,,No,,,iikcdekihignkjbecpckckoidkmjbkoj
Chart Normalizer,,,Could_not_test,,,,,iinhhememjfkokiakinfgpjdeanfheld
Page to wireframe,,,no,,,,,ijanbjhbpglkhncjadppmcnooicdkljd
MeetBot,,,Could_not_test,,,,,ijcicekfknlachmpfckagnhhoedfoeep
Khaled Keys,,,yes,,,,,imgonkciigiopnpmjhacikppghlemilh
Send SMS from Google Sheet,,Failed to load extension from: /Users/daniel/Projects/uni.local/master_project/google_manifest_converter/mv3_extensions/ioenhafggjeoendncbpdiicdiicdjimd. Invalid value for 'icons'.,no,,no,,,ioenhafggjeoendncbpdiicdiicdjimd
InfoTermi,,,Could_not_test,,,,,iohimoffklhjpdbodbeaeofjhogjnakg
Trello Compact Mode,,,Could_not_test,yes,,,,ipcblpolaeanpijbelaaaalmbbnfokhc
CFCA CryptoKit.CFCAVerifySign Extension,,,Could_not_test,,,,,iphoklkbghonenhklnphmgaakpbdjdic
santango,,,no,,,,,ipjlpmanhledaljkolefpbcmodkhhpik
Geography,,,yes,,,,,jcklpblmdpnlcojdhpgcaadfjecfbghg
Quicker Search,,"Failed to load extension from: /Users/daniel/Projects/uni.local/master_project/google_manifest_converter/mv3_extensions/jdmepaljbmglonfljdlohodkaaakbmjm. 'content_security_policy.extension_pages': Insecure CSP value ""'unsafe-eval'"" in directive 'script-src'.",no,,no,,,jdmepaljbmglonfljdlohodkaaakbmjm
(unnamed),,Failed to load extension from: /Users/daniel/Projects/uni.local/master_project/google_manifest_converter/mv3_extensions/jfkpbpamjphcknbhopogenlabidahcip. Manifest file is missing or unreadable,no,,no,,,jfkpbpamjphcknbhopogenlabidahcip
Shortcut disabler,,,no,,,,,jfnmofjjjaobphckdeinkndhfncljpce
Watchspot Chrome,,"Failed to load extension from: /Users/daniel/Projects/uni.local/master_project/google_manifest_converter/mv3_extensions/jfpffimkffkiffdaonmanonhedlkfenf. 'content_security_policy.extension_pages': Insecure CSP value ""https://www.googletagmanager.com/"" in directive 'script-src'.",no,,no,,,jfpffimkffkiffdaonmanonhedlkfenf
DeepAli - DeepLink Generator for AliExpress™,,"Failed to load extension from: /Users/daniel/Projects/uni.local/master_project/google_manifest_converter/mv3_extensions/jfpmipfmnoleakbnehmhhoefgofjilba. 'content_security_policy.extension_pages': Insecure CSP value ""https://ssl.google-analytics.com"" in directive 'script-src'.",no,,no,,,jfpmipfmnoleakbnehmhhoefgofjilba
Noteletter,,"Failed to load extension from: /Users/daniel/Projects/uni.local/master_project/google_manifest_converter/mv3_extensions/jhblcjicpdjbeinhjbmfjnijncbklclh. 'content_security_policy.extension_pages': Insecure CSP value ""https://apis.google.com"" in directive 'script-src'.",no,,no,,,jhblcjicpdjbeinhjbmfjnijncbklclh
Atelier Anke Jacob,,,Could_not_test,,,,,jhnekgnjiiflhmlmccdgapnmoldidekm
"Web Boost - Wait Less, Browse Faster!",,,no,,,,,jicfhkclcbbdonkdapiekgbhggdocdnp
Slotsspot: theme for browser Chrome,,Failed to load extension from: /Users/daniel/Projects/uni.local/master_project/google_manifest_converter/mv3_extensions/jifgdinlemmbjjabganbldnbfnkkidhf. Invalid value for 'icons'.,no,,no,,,jifgdinlemmbjjabganbldnbfnkkidhf
Tasks,,,yes,,,,,jjoojeldkdnibcdoadogbdefbjlamkpa
Twitter Sanitizer,,,Could_not_test,,,,,jkhpcjlkalgnhlnbjlmbijpnjadbbcpg
(unnamed),,Failed to load extension from: /Users/daniel/Projects/uni.local/master_project/google_manifest_converter/mv3_extensions/jkkajfdlllklkdogdliiekiifkohbind. Manifest file is missing or unreadable,no,,no,,,jkkajfdlllklkdogdliiekiifkohbind
Roblox Dark Mode [BETA],,,Could_not_test,,,,,jlpchpckgnbidjoglbkkkdgflcpcmkec
List Builder for Twitter,,,Could_not_test,,,,,jmlodgfmibdmnoancjhgdgdgaclokhgi
CADLAB.io,,Failed to load extension from: /Users/daniel/Projects/uni.local/master_project/google_manifest_converter/mv3_extensions/jnjmfoocddpeelapkbkkiilpgecmlmci. Could not load javascript 'lib/jquery-3.2.1.min.js' for script.,no,,no,,,jnjmfoocddpeelapkbkkiilpgecmlmci
ZEITGEBER,,,Could_not_test,,,,,jnlbmhcbnmidbdmmhofijdggmclpikcg
OneFeed,,,yes,,,,,jnldbjecklhlngfiigiffndeaccgnmhp
ImproveGistPager,,,Could_not_test,,,,,jokohgmhnpcjebmohaadcicbidocjhdd
Todays List,,,Could_not_test,,,,,jpgcjkmidbpmegfpnckhcbdmbmhobnjg
AtCoder VirtualContest-Connect,,,no,,,,no,jpginnjealbknnbgnklknalagkdmlpag
新浪微博时区助手 Timezone Helper for Weibo.com,,,Could_not_test,,,,,jpjgnkoobdjggjknoejleibclddflhhj
Wikipedia Bookmark,,,Could_not_test,,,,,kaahdbmbpejjlkaapjebngfobpjhpolm
Warn Me,,,yes,,,,,kajdnjdbjjnkpjcbekfcolcdjccjmdhb
BitCro Search,,,yes,,,,,kambddpednejlaceniggdlhgigkockhh
Twitter Filter,,Failed to load extension from: /Users/daniel/Projects/uni.local/master_project/google_manifest_converter/mv3_extensions/kamdgboidomchcpinngjlbcamfhbkhnn. Could not load javascript 'bower_components/underscore/underscore.js' for script.,no,,no,,,kamdgboidomchcpinngjlbcamfhbkhnn
Wordstat Manager,,"Failed to load extension from: /Users/daniel/Projects/uni.local/master_project/google_manifest_converter/mv3_extensions/kbbclhhljmpmfgameocdhefdpmlimegi. 'content_security_policy.extension_pages': Insecure CSP value ""'unsafe-eval'"" in directive 'script-src'.",no,,no,,,kbbclhhljmpmfgameocdhefdpmlimegi
Cat Solitaire,,,yes,,,,,kbiaooppehklphpnjgjidkcnkoiakjjm
Home Cosmetica - Latest News Update,,,no,,,,no,kbkaadcbdaiobocnpdocjnihcehemhde
PulsRadio.com Trance,,,no,,,,no,kcbhhbgkmcjefhnnofdjaemfncaclfbc
WicketSource,,,Could_not_test,,,,,kccbikohjealaaeaklknglnonondaiff
JPwd,,"Failed to load extension from: /Users/daniel/Projects/uni.local/master_project/google_manifest_converter/mv3_extensions/kccnkinkappfjppknffcpjkhkpambgfm. 'content_security_policy.extension_pages': Insecure CSP value ""'unsafe-eval'"" in directive 'script-src'.",no,,no,,,kccnkinkappfjppknffcpjkhkpambgfm
Firebase Auth in Chrome Extension Sample,,,Could_not_test,,,,,kcggjcnjagmajnfhpdhncghgboaofkhg
FullyFeedly,,Failed to load extension from: /Users/daniel/Projects/uni.local/master_project/google_manifest_converter/mv3_extensions/kclkakodphjhmpeoboogpgipinfmocdk. Could not load javascript 'bower_components/iosoverlay/js/iosOverlay.js' for script.,no,,no,,,kclkakodphjhmpeoboogpgipinfmocdk
Nicky,,"Failed to load extension from: /Users/daniel/Projects/uni.local/master_project/google_manifest_converter/mv3_extensions/kdlldkmdldhhichhafohldmgpicfnfcc. 'content_security_policy.extension_pages': Insecure CSP value ""https://www.gstatic.com/"" in directive 'script-src'.",no,,no,,,kdlldkmdldhhichhafohldmgpicfnfcc
Anti67,,,Could_not_test,,,,,kdmfcofnhnllmodanmiegbaolallgmbi
Platar,,"Failed to load extension from: /Users/daniel/Projects/uni.local/master_project/google_manifest_converter/mv3_extensions/kfoleapoalboppohojocieohemdhajpn. 'content_security_policy.extension_pages': Insecure CSP value ""'unsafe-eval'"" in directive 'script-src'.",no,,no,,,kfoleapoalboppohojocieohemdhajpn
Fast Reader,,,no,,,,no,khneipdgeiofabcjbidcicboeofghjkc
Night Video Tuner,,,yes,,,,,kjkehehijnanbmdnidofledikdppodfh
Unicart,,"Failed to load extension from: /Users/daniel/Projects/uni.local/master_project/google_manifest_converter/mv3_extensions/kjmdkeknjohejfgheakglacbddbdibal. 'content_security_policy.extension_pages': Insecure CSP value ""https://ssl.google-analytics.com"" in directive 'script-src'.",no,,no,,,kjmdkeknjohejfgheakglacbddbdibal
New Tab Redux,,,no,,,,,kkaapbjemjdephhmgogljcgadcbkpjmp
Deviato,,"Failed to load extension from: /Users/daniel/Projects/uni.local/master_project/google_manifest_converter/mv3_extensions/kkbefhnoidbeeooejpclbloenoglnnoh. 'content_security_policy.extension_pages': Insecure CSP value ""'sha256-TkLUi/PBBVKApcPz0okCSqfeXwj4uAOeQBbXfProX9o='"" in directive 'script-src'.",no,,no,,,kkbefhnoidbeeooejpclbloenoglnnoh
Refresh Specific Tab,,,Could_not_test,,,,,kkmmijhhiphhodhinhnpnbnmffnilial
はてブ Fun,,,no,,,,no,klclbacdcfigjaiceajinkonnkcgnobc
quickreach,,,Could_not_test,,,,,klekjkocnhkkfbjnkococjilkgemegfk
Công cụ Đặt Hàng Vận chuyển Mdorderchina,,Failed to load extension from: /Users/daniel/Projects/uni.local/master_project/google_manifest_converter/mv3_extensions/klngbpegljjdefmebjneckaikgmfjhbm. Could not load javascript 'js/jquery-3.3.1.min.js' for script.,no,,no,,,klngbpegljjdefmebjneckaikgmfjhbm
Ovarian Cyst Treatment Without Surgery,,,no,,,,,kmbgpflaojmkofefndnoijbfmfinmepc
Offline CodeIgniter,,,no,,,,no,kmfkgbembmgpplalpecdfmfflcnagmgg
Reload All Tabs,,"Failed to load extension from: /Users/daniel/Projects/uni.local/master_project/google_manifest_converter/mv3_extensions/kmjccehdojphpoalkojfmfndbmpmkkod. 'content_security_policy.extension_pages': Insecure CSP value ""https://ssl.google-analytics.com"" in directive 'script-src'.",no,,no,,,kmjccehdojphpoalkojfmfndbmpmkkod
WebSocket King Client,,,Could_not_test,,,,,knbpcoimkjgfoefdaoidapccpgelemad
CleanLink,,,no,,,,,kndnfbmjopkenghimanimafaijmhibac
PDF to FB2 Converter,,,no,,,,,knecnendkbbdmncklbhlgcppjpajaipd
Shop-in,,"Failed to load extension from: /Users/daniel/Projects/uni.local/master_project/google_manifest_converter/mv3_extensions/kngmlmkiapjbjanhjdhcmigpbphdiekm. 'content_security_policy.extension_pages': Insecure CSP value ""https://ajax.googleapis.com"" in directive 'script-src'.",no,,no,,,kngmlmkiapjbjanhjdhcmigpbphdiekm
South Schedule,,,no,,,,,knhjbhkpdfmlmjiaepkppgcijhanmiem
Omnivox Dark Theme,,,yes,,,,,kogangejpnmblpiffnapjdebdpkonoff
GloScreenTags,,,Could_not_test,,,,,koiicpkkmlnhcnankkllaoadjbnpglbj
Estimated 1RM Calculator (function),,,Could_not_test,,,,,konmhndloeipcibcmpjalnfpcalfkbhp
Color Palette,,,yes,,,,,kopecoagikhelgkenhicomflchdimnga
Pillar Custom Functions,,,Could_not_test,,,,,kpfehncehohdkioaaeeedakhacmmkefp
ECHOed Links,,,Could_not_test,,,,,kpkejmeloobaeeopkjdbnebcgebhcboe
Hinfly,,,Could_not_test,,,,,lcaccbenpmmlggggdcobmnnnpdbmkndh
Jamo Automator,,,Could_not_test,yes,,,,lchgncgkegpocpdbdjnkkjccbggbnaeh
Highlight&Go,,,no,,no,,,lcpaogdhkijhbibofdgmcabbgpcdlplm
YouTube Tab Switch,,,yes,,,,,ldigknfdafjbnbdadlfdfampapmdhhfo
#60SECONDRESISTANCE,,,no,,,,,ldmndgpabggpklkhngiifmopjbkllfal
My Merrys,,,no,,,,no,ldncjdbdafdkhbkbknemallpgjpifodl
CFCA CertEnrollment.NCB Extension,,,Could_not_test,,,,,leaichjefmjhmpmmmcpbhkpolefojidl
THE PAINTLY,,,yes,,,,,legdfpaiinfkhmddpgcafpffhgjjpgkl
BrowseMyTown Netherlands,,,yes,,,,,leghipcfbbgfpibfanpnocmagdadgmeg
Firebase Auth in Chrome Extension Sample,,,Could_not_test,,,,,lemioedjmmlnfcejpbljhmbibgelggne
Tabmaster,,,no,,,,,lfdkbfgkbeaacmbimagfneboofhomjpm
copy-cat,,,Could_not_test,,,,,lfogkjopedilanfdgkkdiegmhlbcpelj
My Zmanim Monsey,,"Failed to load extension from: /Users/daniel/Projects/uni.local/master_project/google_manifest_converter/mv3_extensions/lgaankgifdhicdelppjoccifpgmoealk. 'content_security_policy.extension_pages': Insecure CSP value ""'sha256-G5ttuw/SKARqD5aHXELHEC3R1ZgSOd4sQPjW1mQO0eA='"" in directive 'script-src'.",no,,no,,,lgaankgifdhicdelppjoccifpgmoealk
Chrome To Device,,"Failed to load extension from: /Users/daniel/Projects/uni.local/master_project/google_manifest_converter/mv3_extensions/lhepcaejamkdnoljcjaakmihhmjjjkeh. 'content_security_policy.extension_pages': Insecure CSP value ""chrome-extension://EXTENSIONID/analytics.js"" in directive 'script-src'.",no,,no,,,lhepcaejamkdnoljcjaakmihhmjjjkeh
(unnamed),,Failed to load extension from: /Users/daniel/Projects/uni.local/master_project/google_manifest_converter/mv2_extensions/lhmliamcnkidjmpkehhdobloflkinjkm. Manifest file is missing or unreadable,no,,no,,,lhmliamcnkidjmpkehhdobloflkinjkm
Txtik,,,Could_not_test,,,,,lidiflbogjbegjjblnjfapfbbggeliom
Timer Pro,,"Failed to load extension from: /Users/daniel/Projects/uni.local/master_project/google_manifest_converter/mv3_extensions/lifecgkglfdbmpdjibncllkalliakkag. 'content_security_policy.extension_pages': Insecure CSP value ""'unsafe-eval'"" in directive 'script-src'.",no,,no,,,lifecgkglfdbmpdjibncllkalliakkag
Highlight,,"Failed to load extension from: /Users/daniel/Projects/uni.local/master_project/google_manifest_converter/mv3_extensions/ljibmalhangcmjoodlklooihehgnohei. 'content_security_policy.extension_pages': Insecure CSP value ""https://www.google-analytics.com"" in directive 'script-src'.",no,,no,,,ljibmalhangcmjoodlklooihehgnohei
Fusion Legacy,,"Failed to load extension from: /Users/daniel/Projects/uni.local/master_project/google_manifest_converter/mv3_extensions/ljjfbdkncogailpjfjjodnjaifklnphb. 'content_security_policy.extension_pages': Insecure CSP value ""'unsafe-eval'"" in directive 'script-src'.",no,,no,,,ljjfbdkncogailpjfjjodnjaifklnphb
Shoot & Share Auto-Favorite,,,Could_not_test,,,,,lkaognfoomlccfpcakpdjnoelbajpjdn
Test by test3,,,Could_not_test,,,,,lklmlnfoegfgohndepeaddddeooianod
AMCWebApp,,,Could_not_test,,,,,llhccjlbojjmapbcipnjlfedjbofjigd
Quick access to Translator,,,Could_not_test,,,,,lmldjiliodhgfjlfjlliddiohpaelnph
Quick Tab,,Failed to load extension from: /Users/daniel/Projects/uni.local/master_project/google_manifest_converter/mv3_extensions/lnmkkohgjfjokjoaaebdbconhokeajgp. The chrome_style option cannot be used with manifest version 3.,no,,no,,,lnmkkohgjfjokjoaaebdbconhokeajgp
Hottours CRM,,Failed to load extension from: /Users/daniel/Projects/uni.local/master_project/google_manifest_converter/mv3_extensions/lobmpnlkbikhiibppcbicddmldmpofjh. Could not load javascript 'jquery.js' for script.,no,,no,,,lobmpnlkbikhiibppcbicddmldmpofjh
OceanGo,,,yes,,,,,lohpdfikcbegjgnjbindmhkkmbjkbhhf
(unnamed),,Failed to load extension from: /Users/daniel/Projects/uni.local/master_project/google_manifest_converter/mv3_extensions/lokeeijgkleggipidkdfkflopoolaenn. Manifest file is missing or unreadable,no,,no,,,lokeeijgkleggipidkdfkflopoolaenn
Goals Tracker,,,Could_not_test,,,,,lolapmlhhkkfapecigdoocngfbfhdmnk
Lájkvadász stop!,,,Could_not_test,,,,,maefomipmebljabfchjchooccjdhhckb
OlyScraper,,"Failed to load extension from: /Users/daniel/Projects/uni.local/master_project/google_manifest_converter/mv3_extensions/mafjhggcnknolonfdoiecimogilmgjhm. 'content_security_policy.extension_pages': Insecure CSP value ""'unsafe-eval'"" in directive 'script-src'.",no,,no,,,mafjhggcnknolonfdoiecimogilmgjhm
Karmabot dashboard,,,Could_not_test,,,,,maoineplgnaigekhfopdieiahgdjdkam
Clarify Facebook's privacy options,,,Could_not_test,,,,,mboadjigkfhgnhdcicgicafjmbkfijcl
ezDeFi,,"Failed to load extension from: /Users/daniel/Projects/uni.local/master_project/google_manifest_converter/mv3_extensions/mcmeaebmnjcpdligmemdlmofjagojedp. 'content_security_policy.extension_pages': Insecure CSP value ""https://www.google.com"" in directive 'script-src'.",no,,no,,,mcmeaebmnjcpdligmemdlmofjagojedp
BiddingBox,,,Could_not_test,,,,,mdjmijghafldpmljjljngmihkohoomei
Elaborata Desktop Streamer,,,Could_not_test,,,,,mdlhominadhbdceihadncpnkkdekapcm
Screenshot Capture,,Failed to load extension from: /Users/daniel/Projects/uni.local/master_project/google_manifest_converter/mv3_extensions/mebhnnfdhipfhjaebnboibcdkdipjddj. Cannot install extension because it uses an unsupported manifest version.,no,,no,,,mebhnnfdhipfhjaebnboibcdkdipjddj
Disposable Mailbox,,,no,,,,no,meelgppppibgjlempimbhnlcbmfjdgfi
Disabled,,,Could_not_test,,,,,melfmbkfjcljmhpolheccbkdmaoffdjd
FGC Lite,,"Failed to load extension from: /Users/daniel/Projects/uni.local/master_project/google_manifest_converter/mv3_extensions/memokfnkpgdjobpofphcablopgiichff. 'content_security_policy.extension_pages': Insecure CSP value ""'unsafe-eval'"" in directive 'script-src'.",no,,no,,,memokfnkpgdjobpofphcablopgiichff
Covfefe,,"Failed to load extension from: /Users/daniel/Projects/uni.local/master_project/google_manifest_converter/mv3_extensions/meomojfiombmjonneipeklinaikkokgh. 'content_security_policy.extension_pages': Insecure CSP value ""'unsafe-eval'"" in directive 'script-src'.",no,,no,,,meomojfiombmjonneipeklinaikkokgh
BTW CONSULTING,,,Could_not_test,,,,,mfbnmhjdgbjddpeoeleimhhpblhkdhhm
TomatoSniper,,,Could_not_test,yes,,,,mflhbpkjffppcgdmalaphfecmfnjannp
Hell Rabbits Live,,,Could_not_test,,,,,mflhkebbldohmljnahnalenngfmlbble
iForum for moders,,,Could_not_test,,,,,mgnicgalaiciajfgaebngkakjeceljkk
Blinknotes,,,no,,,,no,mhaofkmdpgjdcecgfmainpjgnfmmhlbl
Nimo.tv Plus,,,Could_not_test,,,,,mhlodgmpnjjhfpppmohelbfmeoninado
New Tab No Shortcuts,,,yes,,,,,mhmhdkokgcdoffpfbjonifikciaalmpf
CleanFeed,,,Could_not_test,,,,,mhpelcikddgfccgjboanmkjnandfgacd
MediaSession Provider,,,Could_not_test,,,,,mibpohnengmoemnenfijmoiajkkimpin
Betting Calculator,,"Failed to load extension from: /Users/daniel/Projects/uni.local/master_project/google_manifest_converter/mv3_extensions/miflofidoigplobekjhhhjmbopdlbfgl. 'content_security_policy.extension_pages': Insecure CSP value ""https://ssl.google-analytics.com"" in directive 'script-src'.",no,,no,,,miflofidoigplobekjhhhjmbopdlbfgl
(unnamed),,Failed to load extension from: /Users/daniel/Projects/uni.local/master_project/google_manifest_converter/mv2_extensions/mjcgkhlnnegnikoahjmpomldacbngfcp. Manifest file is missing or unreadable,no,,no,,,mjcgkhlnnegnikoahjmpomldacbngfcp
jdd_ik3cloud,,Failed to load extension from: /Users/daniel/Projects/uni.local/master_project/google_manifest_converter/mv3_extensions/mjhogeibfeflcnldcmiainpdkdmfnhpb. Could not load javascript './assets/js/jquery.min.js' for script.,no,,no,,,mjhogeibfeflcnldcmiainpdkdmfnhpb
Solanatip,,"Failed to load extension from: /Users/daniel/Projects/uni.local/master_project/google_manifest_converter/mv3_extensions/mkdeccahohlpfjbhmmaaijljjhmfmdfn. 'content_security_policy.extension_pages': Insecure CSP value ""'unsafe-eval'"" in directive 'script-src'.",no,,no,,,mkdeccahohlpfjbhmmaaijljjhmfmdfn
Tocando agora (beta),,Failed to load extension from: /Users/daniel/Projects/uni.local/master_project/google_manifest_converter/mv3_extensions/mkfoljfaagohdbjmdoecllolaicpjedn. Could not load javascript 'assets/js/utils.js' for script.,no,,no,,,mkfoljfaagohdbjmdoecllolaicpjedn
Nash OS - Chapter 1: What is Nash OS?,,,Could_not_test,,,,,mkhnlogngigmbdjpckmemecplmpijbbm
Stack Exchange Help Links,,,Could_not_test,,,,,mkhohhpeajnephpblgghggghkjkffhgn
CheXplore JS,,"Failed to load extension from: /Users/daniel/Projects/uni.local/master_project/google_manifest_converter/mv3_extensions/mkljmpojnendehckjbagemkkgamnagco. 'content_security_policy.extension_pages': Insecure CSP value ""https://www.google-analytics.com/analytics.js"" in directive 'script-src'.",no,,no,,,mkljmpojnendehckjbagemkkgamnagco
Crypto follow,,,no,,no,,,mknflhinhbbiabecejbgcgpilcfjkfho
YAKjs context menu,,,Could_not_test,,,,,mknibjeheoldfjfdgpamolimbiikbiop
__MSG_appName__,,Failed to load extension from: /Users/daniel/Projects/uni.local/master_project/google_manifest_converter/mv3_extensions/mkpbikojjcjmggnghhhelpphjkailpbf. Could not load icon 'images/Assets/XDC-Icon-16X16.png' specified in 'icons'.,no,,no,,,mkpbikojjcjmggnghhhelpphjkailpbf
eTender Online,,,Could_not_test,,,,,mkpnghnaoaglmcnjediemmjncjmjmbnl
E START Startup-page Setting Tool,,,Could_not_test,,,,,mmiemoagbpljakpmiomollgpcgiehdim
Think Help Desk,,,Could_not_test,,,,,mmkmmgdmglbhgogpaepmhhbecdilgoee
sc10n bookmarklet,,"Failed to load extension from: /Users/daniel/Projects/uni.local/master_project/google_manifest_converter/mv3_extensions/mmojfhbllhldeklecnmifbnelpklepin. 'content_security_policy.extension_pages': Insecure CSP value ""'unsafe-eval'"" in directive 'script-src'.",no,,no,,,mmojfhbllhldeklecnmifbnelpklepin
Cloud Save,,,Could_not_test,,,,,mpnokdijeinfkpddhdmkfghedpmbkbok
Tlushim automation,,Failed to load extension from: /Users/daniel/Projects/uni.local/master_project/google_manifest_converter/mv3_extensions/nabmnggkfkaejlalimicclbhgclafkni. Could not load background script 'client/js/services/chromeApi.js'.,no,,no,,,nabmnggkfkaejlalimicclbhgclafkni
NIFTY 50,,,Could_not_test,,,,,nbfgffhkoonlbacmmjampnpjejjjdgpg
Gendersprache korrigieren,,,no,,,,,nbfnnejhijoedkcdfghanlcekleahphh
Data Cleansing,,,Could_not_test,,,,,nchjdnhlflbojlffhdaihagpcajiakec
ReadyBetWin,,,Could_not_test,,,,,ndpnnaadmfdnmlpmbdpdibblpgldeddc
Github image preview,,,Could_not_test,,,,,nejonmoghjjielofmaiccajkoologdnh
Younext,,,Could_not_test,,,,,nekhigagdliopghmjflmeemocmekpgin
TopGrading - JobVite Plugin,,,Could_not_test,yes,,,,neokdbgnoimplhcenmmbjabdhhjbmbdb
Расширение для football.ua,,,yes,,,,,nfohhgcgdfcifjpjfnaoeookdbgkgbmm
Coinup Search,,,yes,,,,,nggkkjbcbnajlpiedibbikgjgkgjfgai
google-slides-asciinema,,,Could_not_test,,,,,nianghdcpickkjjjbpbbjniocdocafdb
✨ Basic Fabulous Tab ✨,,,yes,,,,,nibbmlaaffjnpniijgkpbecddpkpmmlp
Fzuck,,,no,,,,no,nidpinnckkmomhmokjjomajcjnhidcen
Tesco Groceries TPNB Viewer,,,Could_not_test,,,,,nildjgafogjpahlklpncffffdnljkgbo
Odete,,"Failed to load extension from: /Users/daniel/Projects/uni.local/master_project/google_manifest_converter/mv3_extensions/njchepcljhlephnkhpjnggplnjelkdlj. 'content_security_policy.extension_pages': Insecure CSP value ""'unsafe-eval'"" in directive 'script-src'.",no,,no,,,njchepcljhlephnkhpjnggplnjelkdlj
Blank New Tab,,,yes,,,,,njfmakabgionbalgnlpoiccgoecdeeoi
Smart Calc,,,no,,,,,njihmgeigicpmhhnnmhhbpfhmilfjhbe
Word Count,,"Failed to load extension from: /Users/daniel/Projects/uni.local/master_project/google_manifest_converter/mv3_extensions/nkdepmnfhdjfbebdfpahbnhfafmglidi. 'content_security_policy.extension_pages': Insecure CSP value ""https://www.google.com"" in directive 'script-src'.",no,,no,,,nkdepmnfhdjfbebdfpahbnhfafmglidi
Whats The Expression,,,Could_not_test,,,,,nkdlgjklfeekokeeidfelpdhkpbonhho
Cite Trove,,Failed to load extension from: /Users/daniel/Projects/uni.local/master_project/google_manifest_converter/mv3_extensions/nkhmngpedilcjkmdackogdiiiiakhfgf. The chrome_style option cannot be used with manifest version 3.,no,,no,,,nkhmngpedilcjkmdackogdiiiiakhfgf
Codeigniter 2 User Guide,,,no,,,,,nkldlcgbcefchngadengmjdcapgahgkp
 7 segment clock,,,yes,,,,,nkppjhcodobfcfmbgijefgclihcamebc
A Few Good Plumbers,,,Could_not_test,,,,,nlbjaajfamajjchcpfmabdmcbaeedaic
search popsike.com,,,Could_not_test,,,,,nlkpljkacgmblcgjappckgbekaljfnjk
Theken Texte,,,Could_not_test,,,,,nlllffpgjfkgoagldkdphnabhndmdfom
Report-Sample-Injector,,,Could_not_test,,,,,nmacnakpmbegfnfgiffoblaflkefjlca
Firebase Auth in Chrome Extension Sample,,,Could_not_test,,,,,nmbklkkbojhafmhpnakjjhbmkoplocci
Refresh my site!,,,yes,,,,,nmecppbaggcpblcfdidlokfnfpljikgj
SOAP2DAYHD,,,Could_not_test,,,,,nmhkeeibpnhkkpffeihfnfngnhblbdck
Bookmark Visualizer,,,no,,no,,,nneamfdhikhofpcjlekehfdgcjhndafd
OP.GG Extension,,"Failed to load extension from: /Users/daniel/Projects/uni.local/master_project/google_manifest_converter/mv3_extensions/nnfihfihbmgnkeeeebhanhmpojclfpad. 'content_security_policy.extension_pages': Insecure CSP value ""https://ssl.google-analytics.com"" in directive 'script-src'.",no,,no,,,nnfihfihbmgnkeeeebhanhmpojclfpad
MelvorTrainer,,,Could_not_test,,,,,nnmpkdcdifmlcgikkbcnpdjbpdefeomb
QQ邮箱邮件提醒,,"Failed to load extension from: /Users/daniel/Projects/uni.local/master_project/google_manifest_converter/mv3_extensions/noklhnibgehjafjdilhgfpiamldpbokc. 'content_security_policy.extension_pages': Insecure CSP value ""'unsafe-eval'"" in directive 'script-src'.",no,,no,,,noklhnibgehjafjdilhgfpiamldpbokc
Timetable Automator - 025,,,Could_not_test,,,,,nomgnakdcocgebhibakhmgfknacokffc
Print Lazada for Jubelio,,,Could_not_test,,,,,npadfkcikbkgpigkpfniolgogmiijoll
RAI Replacer,,,no,,,,,npapjhdlcolfebiednaaogkhbmomfcle
Background Process,,,Could_not_test,,,,,odmfafdmbbiaffplpdpkopidchedjhof
El Toro,,,Could_not_test,,,,,odpmclpmikghiankflfcholkpflbnffa
Rádio Santiago,,,Could_not_test,,,,,oehnnplgoegkmflaekaflbdpbaagjfbe
Firebase Auth in Chrome Extension Sample,,,Could_not_test,,,,,oepncppigoiagibchifdpibgpgidknni
Cool Bookmarks,,,no,,,,,ofddaejenmgdfhlbfmfoolpgfnajnmip
Search splunk,,,yes,,,,,ofngeedihalecgbjodmejpdfndcahlil
TYPO3 Workbench,,,yes,,,,,ofoaklobkijcpfchnpmamnkodekhpgla
Hyperlink Text Selector,,,yes,,,,,ofpaooafcdpbgbijbnhbjdjlodpcpifc
CryptoKit.CEBPS Extension,,,Could_not_test,,,,,oigdddkmgnfibgaafpaecbgbkomgoanb
Nuke Your Tracks,,,Could_not_test,,,,,oipmhfjfahhabmkhmicdfnejhmdfbhal
"Github ""Add single comment"" shortcut",,,Could_not_test,,,,,ojadomlppplidhmidjmoabhnjdgdoapl
TeamBox Alert,,,Could_not_test,,,,,olpofgjoceeddickmfmomcabjenenigj
Be Wise Professor,,,Could_not_test,,,,,omaiapdnhjmnmgojegjmhbcmahbbioif
Pitch shifter - HTML5 Video audio FX,,,yes,,,,,omdlklpilnmdfldondodhieojpkodndi
Easync Product ID Grab Tool for Drop Shipping,,,no,,,,no,onbjfjajekembgebmjmoonbkpgeckape
Dev Labs Reactions,,,Could_not_test,yes,,,,ooabifbpgfdknniocnhehofgikafncpd
Clappify,,,no,,,,,opofknelcmapaeiidceffimbngcamhep
(unnamed),,Failed to load extension from: /Users/daniel/Projects/uni.local/master_project/google_manifest_converter/mv3_extensions/oppfgaicamfcdpfgkgllnmghbkekbdmd. Cannot install extension because it uses an unsupported manifest version.,no,,no,,,oppfgaicamfcdpfgkgllnmghbkekbdmd
Kramerly,,,Could_not_test,,,,,pahcliklakmemcjblnkkgojbjapleclo
Title URL Clipboarad,,,Could_not_test,,,,,pakpfgooafhnekbimoodbcekeaiabbhe
RD1,,"Failed to load extension from: /Users/daniel/Projects/uni.local/master_project/google_manifest_converter/mv3_extensions/palfmbecnjlbjmnjiflmkpnpjmlcgfke. 'content_security_policy.extension_pages': Insecure CSP value ""https://*.disqus.com/"" in directive 'script-src'.",no,,no,,,palfmbecnjlbjmnjiflmkpnpjmlcgfke
Watermark.ws: Batch Watermark Photos & Videos,,,Could_not_test,,,,,pbohjjhllefhfghkpikhjballblpkagj
In The Zone - Productive Club,,"Failed to load extension from: /Users/daniel/Projects/uni.local/master_project/google_manifest_converter/mv3_extensions/pcglcincgpnlidilejlohhoecfbggopn. 'content_security_policy.extension_pages': CSP directive 'script-src' must be specified (either explicitly, or implicitly via 'default-src') and must allowlist only secure resources.",no,,no,,,pcglcincgpnlidilejlohhoecfbggopn
(unnamed),,Failed to load extension from: /Users/daniel/Projects/uni.local/master_project/google_manifest_converter/mv2_extensions/pchalmfipapbcbncigfeemlhmgpiilal. Manifest file is missing or unreadable,no,,no,,,pchalmfipapbcbncigfeemlhmgpiilal
getflynews,,,no,,,,,pcmoeemedgaidojflmkfhpgfcbclhnoa
Tabliner,,,no,,,,,pdhcplbcmmaghpboidnooibhfdnpfipm
Brightery Marketing Tool,,"Failed to load extension from: /Users/daniel/Projects/uni.local/master_project/google_manifest_converter/mv3_extensions/pdkilmlkbegkdppdpolfknnibcdelghl. 'content_security_policy.extension_pages': Insecure CSP value ""'unsafe-eval'"" in directive 'script-src'.",no,,no,,,pdkilmlkbegkdppdpolfknnibcdelghl
AcFun Video Download,,,Could_not_test,,,,,pecflpnngpkbkpplefofhokbjnehcadb
AEM Forms shortcuts extension,,,Could_not_test,,,,,pehpbiaaihdhfpcmkajanemdioaenjjf
SGM+,,,Could_not_test,,,,,pekjcpfadgjcbjjeajojbpkaifljlglf
Pangolin Fake Detector,,,no,,,,,pffkklpbehjpoaeegghbdjfikinmndnd
Tabula Rasa,,,yes,,,,,pfgdcebeaipgdhmihejolhllmnpclblo
Test by test4,,,Could_not_test,,,,,pfmiclpcbjkifkemapjeljlgcnomjmfa
infomax-stock,,,Could_not_test,,,,,pgddhpmoaandkenceenoaahipgjefkbo
(unnamed),,Failed to load extension from: /Users/daniel/Projects/uni.local/master_project/google_manifest_converter/mv2_extensions/pgdfklcflknlgdjaaelmnegcfkhoiopi. Manifest file is missing or unreadable,no,,no,,,pgdfklcflknlgdjaaelmnegcfkhoiopi
Appian Dev Tools,,"Failed to load extension from: /Users/daniel/Projects/uni.local/master_project/google_manifest_converter/mv3_extensions/pgeebkoooblfhhckkccbccmefkaapfik. 'content_security_policy.extension_pages': Insecure CSP value ""'unsafe-eval'"" in directive 'script-src'.",no,,no,,,pgeebkoooblfhhckkccbccmefkaapfik
Touremind,,,no,,,,,pgikkieojfchgigcakidkphfdbpihgpl
GroupRipper,,,Could_not_test,,,,,pgnjcjahahkhppedgijeichfkfgjcfll
Datawrap,,,Could_not_test,,,,,phhnnjmjgolnbolohmhbpkkfnhnadpbg
Blank New Tab,,,yes,,,,,pijgifejpphcjkhjnkfehdmappklajcn
Firefly,,,yes,,,,,piklbpeioeheblaifhlfhgeegdgkcpga
Trends v2 for YouTube™,,,no,,,,no,pimjgeemhpcfodpeklckmhjeodaiggig
Keepclubbing Chrome extension,,,Could_not_test,,,,,pjcdhklpcmadoldkmojbmlimojgbjdji
__MSG_l10nExtensionName__,,"Failed to load extension from: /Users/daniel/Projects/uni.local/master_project/google_manifest_converter/mv3_extensions/pjndiiopiiojbjkgaofbmmmfloejdend. 'content_security_policy.extension_pages': Insecure CSP value ""https://msia.org"" in directive 'script-src'.",no,,no,,,pjndiiopiiojbjkgaofbmmmfloejdend
Payday Loan - Direct Lenders,,,no,,,,,pkapgokdkgopikfnnmojmodkfihafcni
Social Media Stopwatch,,,no,,,,no,pknjhbmcfdoebllidlolfnhkooigpeel
ポタール,,"Failed to load extension from: /Users/daniel/Projects/uni.local/master_project/google_manifest_converter/mv3_extensions/pmflbpkabookgclhlllkememcfjnepmp. 'content_security_policy.extension_pages': Insecure CSP value ""'sha256-IfjY8quW4OSoHZCeJ8H9upEZw+Np1X5S0RQoCOPWnns='"" in directive 'script-src'.",no,,no,,,pmflbpkabookgclhlllkememcfjnepmp
Skip Netflix Intro Auto,,,Could_not_test,,,,,pmkfcaeagpolfcahpldamgahghhomjbm
Imieniny. Życzenia na każdą okazję.,,"Failed to load extension from: /Users/daniel/Projects/uni.local/master_project/google_manifest_converter/mv3_extensions/pmpfhpljobmccilgndcgibmbmjdpapfo. 'content_security_policy.extension_pages': Insecure CSP value ""https://ssl.google-analytics.com"" in directive 'script-src'.",no,,no,,,pmpfhpljobmccilgndcgibmbmjdpapfo
YMusic Play,,"Failed to load extension from: /Users/daniel/Projects/uni.local/master_project/google_manifest_converter/mv3_extensions/pnbfiinedmemhcdgfkniadoeomlgkkbn. 'content_security_policy.extension_pages': Insecure CSP value ""https://ssl.google-analytics.com"" in directive 'script-src'.",no,,no,,,pnbfiinedmemhcdgfkniadoeomlgkkbn
about꞉black - empty new tab page,,,yes,,,,,ppamcpgjecjimecjahkfifanhkjodkae
OmniMemo,,,Could_not_test,,,,,ppihcnmdofjgblaahomfdmcnpblcbldn
(unnamed),,Failed to load extension from: /Users/daniel/Projects/uni.local/master_project/google_manifest_converter/mv3_extensions/ppncdbmpkkfhipeplkdknanbmomaeplo. Manifest file is missing or unreadable,no,,no,,,ppncdbmpkkfhipeplkdknanbmomaeplo
Huddle.team Scheduler,,,Could_not_test,,no,,,ppnhhlbhcnnncmpdipllejanjhckjhoh
Backstairs Game House,,,no,,,,,pgcmocepbpfhmmijbkkbgfeblfcdmmbf
Weibo Photo Eraser,,,Could_not_test,yes,,,,odadhnmcileiicgebapaoignoeggpccb
Teyz+,,,yes,no,yes,yes,yes,fddcbbjillbfianjobjopaanlbbeclec
code runner,,,no,,,no,yes,kbgaihnlngffdgljpbgbpcphflmmdhpg
Casinoupplevelse,,,Could_not_test,,,,,iggacokahppncldjegpibcnmdneoinjn
Slang - Text to Speech,,,yes,,,,no,liinipoackgjljefijdlcpgloajlldil
PwGen,,,no,,no,,,jpejajbhcnbpbknefhfphhlebdfbcfae
Tabs Killer,,,no,,,,,hgmdeeoighmhomddlghfjcidkdcpbllf
Start your search with eBay™ + Right Click,,,yes,,,,yes,ccboopnefeainfgehdojfobhckmhgokb
Codeplug.in,,,no,no,yes,,no,iekallpaneiiojokfppnpckdebnkeidj
Send Unipos together,,,Could_not_test,,,,,ajnennolgjbadfdclkchpdigabgecmeb
Tab Manager,,,no,,,,,jpgpiholfjpfipncecfighenamognnoo