extension_id,,
ljjfbdkncogailpjfjjodnjaifklnphb,ljjfbdkncogailpjfjjodnjaifklnphb,Fusion Legacy
onbjfjajekembgebmjmoonbkpgeckape,onbjfjajekembgebmjmoonbkpgeckape,Easync Product ID Grab Tool for Drop Shipping
gnapooibnagamngemlkkjmjfkmgbdmcl,gnapooibnagamngemlkkjmjfkmgbdmcl,name
ehhoppehlpohjjbflmffjpoblnfhikbi,ehhoppehlpohjjbflmffjpoblnfhikbi,Leonardo: Size Fitting for Apparel & Clothing
chlmccdddekohhoocdhhcipbbhccaadp,chlmccdddekohhoocdhhcipbbhccaadp,"香港查書易[圖書館,商店,大學]"
kmfkgbembmgpplalpecdfmfflcnagmgg,kmfkgbembmgpplalpecdfmfflcnagmgg,Offline CodeIgniter
dfabnoahjnbkpfpadnngfiamnmombjmc,dfabnoahjnbkpfpadnngfiamnmombjmc,ThingamaTABS
lhmliamcnkidjmpkehhdobloflkinjkm,lhmliamcnkidjmpkehhdobloflkinjkm,Password Generator
cboiihjkpoglonpcokofnogklldjanog,cboiihjkpoglonpcokofnogklldjanog,SPG - Strong Password Generator
nneamfdhikhofpcjlekehfdgcjhndafd,nneamfdhikhofpcjlekehfdgcjhndafd,Bookmark Visualizer
coaeeoeibgkgpamkpckcdgaobkjonion,coaeeoeibgkgpamkpckcdgaobkjonion,Repeater
efifejldhjgaahmmilfjlcnegkghglpl,efifejldhjgaahmmilfjlcnegkghglpl,Hydrawallet
pgcmocepbpfhmmijbkkbgfeblfcdmmbf,pgcmocepbpfhmmijbkkbgfeblfcdmmbf,Backstairs Game House
dfjikpibamfdjmbehgmmibhcbjhlleji,dfjikpibamfdjmbehgmmibhcbjhlleji,Lavaca Developer Tools
bennjncpdnagmdljjiaknlifgdmphecd,bennjncpdnagmdljjiaknlifgdmphecd,洪水・高潮リスク情報埋め込み　KeepDry
memokfnkpgdjobpofphcablopgiichff,memokfnkpgdjobpofphcablopgiichff,FGC Lite
pahcliklakmemcjblnkkgojbjapleclo,pahcliklakmemcjblnkkgojbjapleclo,Kramerly
gmnbooobfpmpneahdodoiddocbbjllga,gmnbooobfpmpneahdodoiddocbbjllga,Orderly
cjkdhmpngnpbcdjmmklijgfoincfapcm,cjkdhmpngnpbcdjmmklijgfoincfapcm,QPocket
kamdgboidomchcpinngjlbcamfhbkhnn,kamdgboidomchcpinngjlbcamfhbkhnn,Twitter Filter
ljibmalhangcmjoodlklooihehgnohei,ljibmalhangcmjoodlklooihehgnohei,Highlight
ennjefgehhmkgbeeckkaamhcohhghilf,ennjefgehhmkgbeeckkaamhcohhghilf,Vocabera
jpjgnkoobdjggjknoejleibclddflhhj,jpjgnkoobdjggjknoejleibclddflhhj,新浪微博时区助手 Timezone Helper for Weibo.com
jkkajfdlllklkdogdliiekiifkohbind,jkkajfdlllklkdogdliiekiifkohbind,Minimalist for Everything
gmfnhgekmcgknlbnccifbgaolkmfdack,gmfnhgekmcgknlbnccifbgaolkmfdack,FejoaAuth
cgnpnjmjklfcalnkjadmhakigcmfkeih,cgnpnjmjklfcalnkjadmhakigcmfkeih,ShardEx
emcjdngajkpbakgnkdgcchihghefikao,emcjdngajkpbakgnkdgcchihghefikao,Turbo Chrome - Navegue mais rápido!
ffaajihcojdgmniajmgeandigjbdkkgb,ffaajihcojdgmniajmgeandigjbdkkgb,Readersourcing 2.0: RS_Rate
hmlbbpbfhpdlgfnpdlgkjbkkbfhpaoai,hmlbbpbfhpdlgfnpdlgkjbkkbfhpaoai,ContentStudio - Social Media Scheduler
lchgncgkegpocpdbdjnkkjccbggbnaeh,lchgncgkegpocpdbdjnkkjccbggbnaeh,Jamo Automator
kccnkinkappfjppknffcpjkhkpambgfm,kccnkinkappfjppknffcpjkhkpambgfm,name
dmpcdfoaekmmapemolheegecabijlbmf,dmpcdfoaekmmapemolheegecabijlbmf,Box for tabs
igfbjepcmlgabkgpkpbklmpbbnlagcoj,igfbjepcmlgabkgpkpbklmpbbnlagcoj,MoodiModo
holkaimpefmoidkdamcdfogjdbopihoe,holkaimpefmoidkdamcdfogjdbopihoe,蝦皮賣家黑精靈
bafajkcbalfkkdghjpgcaaopfalikmlk,bafajkcbalfkkdghjpgcaaopfalikmlk,"Omni - tabs, history and bookmarks by Tefter"
edcmdkajjaphafjijhpebmeaogoeeeam,edcmdkajjaphafjijhpebmeaogoeeeam,name
jicfhkclcbbdonkdapiekgbhggdocdnp,jicfhkclcbbdonkdapiekgbhggdocdnp,"Web Boost - Wait Less, Browse Faster!"
iikcdekihignkjbecpckckoidkmjbkoj,iikcdekihignkjbecpckckoidkmjbkoj,MeetInOne Extension for Google Meet
cbdadgfefpgaiiefilhjlbgnjhkffhmo,cbdadgfefpgaiiefilhjlbgnjhkffhmo,"VocaDict - Search Once, Remember Forever"
enobkmonaalllckgcjlpcmjeoihgjfne,enobkmonaalllckgcjlpcmjeoihgjfne,PlayGround
lokeeijgkleggipidkdfkflopoolaenn,lokeeijgkleggipidkdfkflopoolaenn,CanJS DevTools
pgeebkoooblfhhckkccbccmefkaapfik,pgeebkoooblfhhckkccbccmefkaapfik,Appian Dev Tools
edfflpconbnjmnejkmeddehoeccenmic,edfflpconbnjmnejkmeddehoeccenmic,Double Trans
mcmeaebmnjcpdligmemdlmofjagojedp,mcmeaebmnjcpdligmemdlmofjagojedp,ezDeFi
kfoleapoalboppohojocieohemdhajpn,kfoleapoalboppohojocieohemdhajpn,Platar
gdgegpnkjddbcohnegdddhldaeodocaj,gdgegpnkjddbcohnegdddhldaeodocaj,LeetHub
odadhnmcileiicgebapaoignoeggpccb,odadhnmcileiicgebapaoignoeggpccb,Weibo Photo Eraser
jfpffimkffkiffdaonmanonhedlkfenf,jfpffimkffkiffdaonmanonhedlkfenf,Watchspot Chrome
eihjingefkckjcdlmjidkefbcbbofdhf,eihjingefkckjcdlmjidkefbcbbofdhf,June
pcglcincgpnlidilejlohhoecfbggopn,pcglcincgpnlidilejlohhoecfbggopn,In The Zone - Productive Club
ofoaklobkijcpfchnpmamnkodekhpgla,ofoaklobkijcpfchnpmamnkodekhpgla,name
jfpmipfmnoleakbnehmhhoefgofjilba,jfpmipfmnoleakbnehmhhoefgofjilba,DeepAli - DeepLink Generator for AliExpress™
fddcbbjillbfianjobjopaanlbbeclec,fddcbbjillbfianjobjopaanlbbeclec,Teyz+
ihdanbaefbkjdfpkoaeghlhlojepjjgk,ihdanbaefbkjdfpkoaeghlhlojepjjgk,Gist User Script Manager
meomojfiombmjonneipeklinaikkokgh,meomojfiombmjonneipeklinaikkokgh,Covfefe
nabmnggkfkaejlalimicclbhgclafkni,nabmnggkfkaejlalimicclbhgclafkni,Tlushim automation
abnlpgnoijoannioldehkdjfofbpnfad,abnlpgnoijoannioldehkdjfofbpnfad,smarterPod: Simple and Smart Podcast Player
ifinhiedefieainkbjjjcomcfnjceofd,ifinhiedefieainkbjjjcomcfnjceofd,name
bleldoicciehkibfgnpmelglegmmgcnj,bleldoicciehkibfgnpmelglegmmgcnj,Audio Recorder
beknlgommgoagklgejjlpnhmpaihlgdg,beknlgommgoagklgejjlpnhmpaihlgdg,CloudCall Unified Communications for CRM
fmhigajdbogngfaijmnpihcjjojkigjc,fmhigajdbogngfaijmnpihcjjojkigjc,DC Metro Tracker
kdlldkmdldhhichhafohldmgpicfnfcc,kdlldkmdldhhichhafohldmgpicfnfcc,Nicky
eockakolmhcbpimokdidgpjgemlhajib,eockakolmhcbpimokdidgpjgemlhajib,name
lhepcaejamkdnoljcjaakmihhmjjjkeh,lhepcaejamkdnoljcjaakmihhmjjjkeh,Chrome To Device
pchalmfipapbcbncigfeemlhmgpiilal,pchalmfipapbcbncigfeemlhmgpiilal,Salesforce Assistant
ededhhcknlpomfmcoibofbjflechmpmi,ededhhcknlpomfmcoibofbjflechmpmi,TELUS Business Connect for Microsoft 365
kbiaooppehklphpnjgjidkcnkoiakjjm,kbiaooppehklphpnjgjidkcnkoiakjjm,Cat Solitaire
oipmhfjfahhabmkhmicdfnejhmdfbhal,oipmhfjfahhabmkhmicdfnejhmdfbhal,Nuke Your Tracks
igoojenlmajfglpidhkimplbmcjlponi,igoojenlmajfglpidhkimplbmcjlponi,Better Network Panel
idojlgkdoohgidhpcjamhpdaofafiocj,idojlgkdoohgidhpcjamhpdaofafiocj,command-t
jfkpbpamjphcknbhopogenlabidahcip,jfkpbpamjphcknbhopogenlabidahcip,Teddy Quick
giadkdabdbdhmahngheccinffjjfoiik,giadkdabdbdhmahngheccinffjjfoiik,Teddy 360
dkheaplknmplgdcaffadpicnbooojlob,dkheaplknmplgdcaffadpicnbooojlob,name
hfcmeikimmjeojjfjkoiblijpllbgpnk,hfcmeikimmjeojjfjkoiblijpllbgpnk,WaterMe
eeoeakefoojbgmmileebfcjgdgpekfae,eeoeakefoojbgmmileebfcjgdgpekfae,Wildfire
bhbokemlpmdlelkjliimdldfpamnedlj,bhbokemlpmdlelkjliimdldfpamnedlj,TinyOGPViewer
emegfipbpkljffffokfbefjjmofmdmgn,emegfipbpkljffffokfbefjjmofmdmgn,wekey
eknnbnlelphbhliemonijibinfllliad,eknnbnlelphbhliemonijibinfllliad,Codeigniter 2.2 User Guide
ehbnlikfgampfogacpfebaphikdgcdpd,ehbnlikfgampfogacpfebaphikdgcdpd,In-stock Alerts (Beta)
nkldlcgbcefchngadengmjdcapgahgkp,nkldlcgbcefchngadengmjdcapgahgkp,Codeigniter 2 User Guide
diggamfbkfkklacaagembohiabdmmigm,diggamfbkfkklacaagembohiabdmmigm,Brightery Mega Marketing
mkdeccahohlpfjbhmmaaijljjhmfmdfn,mkdeccahohlpfjbhmmaaijljjhmfmdfn,Solanatip
pdkilmlkbegkdppdpolfknnibcdelghl,pdkilmlkbegkdppdpolfknnibcdelghl,Brightery Marketing Tool
jdmepaljbmglonfljdlohodkaaakbmjm,jdmepaljbmglonfljdlohodkaaakbmjm,Quicker Search
gpjdfganijinlpncdlpcdlphldggdmfc,gpjdfganijinlpncdlpcdlphldggdmfc,Information Visualization of Browser History
hebmopjpmnpcliimdcacdiliomcclfoo,hebmopjpmnpcliimdcacdiliomcclfoo,Github Hoverscope
fhockinabfenfekfoaghjojheocbnegl,fhockinabfenfekfoaghjojheocbnegl,Tackle | Todo List
kbgaihnlngffdgljpbgbpcphflmmdhpg,kbgaihnlngffdgljpbgbpcphflmmdhpg,code runner
blhmbnpjfldjoopigndnecfdkemhbmef,blhmbnpjfldjoopigndnecfdkemhbmef,实时行情助手火币版 - 实时查看代币涨跌幅
mknflhinhbbiabecejbgcgpilcfjkfho,mknflhinhbbiabecejbgcgpilcfjkfho,Crypto follow
ofddaejenmgdfhlbfmfoolpgfnajnmip,ofddaejenmgdfhlbfmfoolpgfnajnmip,Cool Bookmarks
mjcgkhlnnegnikoahjmpomldacbngfcp,mjcgkhlnnegnikoahjmpomldacbngfcp,ES5 Maker
ppncdbmpkkfhipeplkdknanbmomaeplo,ppncdbmpkkfhipeplkdknanbmomaeplo,Vk Promo
khneipdgeiofabcjbidcicboeofghjkc,khneipdgeiofabcjbidcicboeofghjkc,Fast Reader
eibmigfcioanajpaanidbiakcagepmkn,eibmigfcioanajpaanidbiakcagepmkn,不要通知我
mflhbpkjffppcgdmalaphfecmfnjannp,mflhbpkjffppcgdmalaphfecmfnjannp,TomatoSniper
lcpaogdhkijhbibofdgmcabbgpcdlplm,lcpaogdhkijhbibofdgmcabbgpcdlplm,name
bhichmmmceomopnpgjelkhakmacmibmp,bhichmmmceomopnpgjelkhakmacmibmp,Brightery Notes
mkpbikojjcjmggnghhhelpphjkailpbf,mkpbikojjcjmggnghhhelpphjkailpbf,name
nmbklkkbojhafmhpnakjjhbmkoplocci,nmbklkkbojhafmhpnakjjhbmkoplocci,Firebase Auth in Chrome Extension Sample
pmflbpkabookgclhlllkememcfjnepmp,pmflbpkabookgclhlllkememcfjnepmp,ポタール
aoihghfnnhcifinbmgadnmiifjamacnb,aoihghfnnhcifinbmgadnmiifjamacnb,BLEWE
konmhndloeipcibcmpjalnfpcalfkbhp,konmhndloeipcibcmpjalnfpcalfkbhp,Estimated 1RM Calculator (function)
phhnnjmjgolnbolohmhbpkkfnhnadpbg,phhnnjmjgolnbolohmhbpkkfnhnadpbg,Datawrap
mhmhdkokgcdoffpfbjonifikciaalmpf,mhmhdkokgcdoffpfbjonifikciaalmpf,New Tab No Shortcuts
iffoooedmcnghpgdkaebfepbagcbicop,iffoooedmcnghpgdkaebfepbagcbicop,Global Stike
pfgdcebeaipgdhmihejolhllmnpclblo,pfgdcebeaipgdhmihejolhllmnpclblo,Tabula Rasa
ioenhafggjeoendncbpdiicdiicdjimd,ioenhafggjeoendncbpdiicdiicdjimd,Send SMS from Google Sheet
adffhnigbmemfmcgndacjdmpeagmhmhb,adffhnigbmemfmcgndacjdmpeagmhmhb,Gerador de CPF/CNPJ
hcghgegolfhjekgieokjnkifolmhmepe,hcghgegolfhjekgieokjnkifolmhmepe,PIZZARIA Integrale
nlbjaajfamajjchcpfmabdmcbaeedaic,nlbjaajfamajjchcpfmabdmcbaeedaic,A Few Good Plumbers
glllfmibomedhbpomceafponabppfgmg,glllfmibomedhbpomceafponabppfgmg,What did you say?
jpgcjkmidbpmegfpnckhcbdmbmhobnjg,jpgcjkmidbpmegfpnckhcbdmbmhobnjg,Todays List
cgpopilahkkaonoibdgcpaehcflnkklj,cgpopilahkkaonoibdgcpaehcflnkklj,Tecnohoy Venezuela
gaojhcekjhdbeibcjbobdnjabihchgcj,gaojhcekjhdbeibcjbobdnjabihchgcj,SyncThemCalendars
iebcnmngfmbgmjbikgjdoddhgjdpaehi,iebcnmngfmbgmjbikgjdoddhgjdpaehi,SkySplore Search Engine
fodnjpelpfdaponinleoclalnhacdfmj,fodnjpelpfdaponinleoclalnhacdfmj,CleanThis
jifgdinlemmbjjabganbldnbfnkkidhf,jifgdinlemmbjjabganbldnbfnkkidhf,Slotsspot: theme for browser Chrome
fafjdbenbdpjebkejkjpldncikbddpef,fafjdbenbdpjebkejkjpldncikbddpef,allround-login
lolapmlhhkkfapecigdoocngfbfhdmnk,lolapmlhhkkfapecigdoocngfbfhdmnk,Goals Tracker
pijgifejpphcjkhjnkfehdmappklajcn,pijgifejpphcjkhjnkfehdmappklajcn,Blank New Tab
boekfjjlekafbaldmpoimjbcecnfjohd,boekfjjlekafbaldmpoimjbcecnfjohd,AppEncuestas
iagmopmpiecjlmiebkcmlidkcajmalli,iagmopmpiecjlmiebkcmlidkcajmalli,Casino Bonus Tips
idlfipfkeckfbnknbmeadjgjdicgjjli,idlfipfkeckfbnknbmeadjgjdicgjjli,Countdown to Christmas Day
ahepglganllfpmdkkldabebaioanjclb,ahepglganllfpmdkkldabebaioanjclb,Placeholder - Test
odmfafdmbbiaffplpdpkopidchedjhof,odmfafdmbbiaffplpdpkopidchedjhof,Background Process
dglcceamkcjlcoblhkmjcgnmkpbjofeh,dglcceamkcjlcoblhkmjcgnmkpbjofeh,Firebase Auth in Chrome Extension Sample
dafeagfjbepchdnobdiagopikjnpebpj,dafeagfjbepchdnobdiagopikjnpebpj,Добавьте Mail.Ru как домашнюю страницу
bamekgeijlhgjcoicenppddmnfpjiehi,bamekgeijlhgjcoicenppddmnfpjiehi,New Tab G
cmpnokappeagbppedghnpngakhfjeenh,cmpnokappeagbppedghnpngakhfjeenh,Out Of Office Jobs
jfnmofjjjaobphckdeinkndhfncljpce,jfnmofjjjaobphckdeinkndhfncljpce,Shortcut disabler
bfbljmnkhmljnlpfndlmoeohckhghgcg,bfbljmnkhmljnlpfndlmoeohckhghgcg,Extra Characters
pcmoeemedgaidojflmkfhpgfcbclhnoa,pcmoeemedgaidojflmkfhpgfcbclhnoa,getflynews
dpdgihjlickjhbckeonffhjajkbomeoc,dpdgihjlickjhbckeonffhjajkbomeoc,Loadedcamp Media
ndpnnaadmfdnmlpmbdpdibblpgldeddc,ndpnnaadmfdnmlpmbdpdibblpgldeddc,ReadyBetWin
andbigojninbopokegabdicgoppdoaok,andbigojninbopokegabdicgoppdoaok,Qr Code B2S
mfbnmhjdgbjddpeoeleimhhpblhkdhhm,mfbnmhjdgbjddpeoeleimhhpblhkdhhm,BTW CONSULTING
dfcpillpkonfkgmodjgechmedhgolpbk,dfcpillpkonfkgmodjgechmedhgolpbk,Runnr
pfmiclpcbjkifkemapjeljlgcnomjmfa,pfmiclpcbjkifkemapjeljlgcnomjmfa,Test by test4
gfcfmagkdjgmdjnmfjbhlfmoeclpglca,gfcfmagkdjgmdjnmfjbhlfmoeclpglca,Movavi Photo Manager
melfmbkfjcljmhpolheccbkdmaoffdjd,melfmbkfjcljmhpolheccbkdmaoffdjd,Disabled
ppamcpgjecjimecjahkfifanhkjodkae,ppamcpgjecjimecjahkfifanhkjodkae,about꞉black - empty new tab page
eaaoedpoomkjfdlfhppcbflgdpfeaohb,eaaoedpoomkjfdlfhppcbflgdpfeaohb,intentsearch.com
dkfmdjgeddbaikjkpjemidgkfaglamdb,dkfmdjgeddbaikjkpjemidgkfaglamdb,Firebase Auth in Chrome Extension Sample
jpidmonbpnhcpgdpefgkmgaoobcdgdbn,jpidmonbpnhcpgdpefgkmgaoobcdgdbn,askfalcon.com
mkpnghnaoaglmcnjediemmjncjmjmbnl,mkpnghnaoaglmcnjediemmjncjmjmbnl,eTender Online
lidiflbogjbegjjblnjfapfbbggeliom,lidiflbogjbegjjblnjfapfbbggeliom,Txtik
ecfghdaebifhpkhakaombcbekjpjhnkh,ecfghdaebifhpkhakaombcbekjpjhnkh,Movavi Video Editor 2020
edfdgimilfiboemdjadadigmkeajocmn,edfdgimilfiboemdjadadigmkeajocmn,Valise Cabine
ekoncmgcdjjfkpefjfenfbahpkhilekk,ekoncmgcdjjfkpefjfenfbahpkhilekk,シンクロチューブ
bbngmchfignilolhmmpjdilkdelmjeej,bbngmchfignilolhmmpjdilkdelmjeej,The Copy Me
ehijbdhgohbfpmkpjlldgjdlnlgaigpa,ehijbdhgohbfpmkpjlldgjdlnlgaigpa,Packagist.org search engine
kaahdbmbpejjlkaapjebngfobpjhpolm,kaahdbmbpejjlkaapjebngfobpjhpolm,Wikipedia Bookmark
njfmakabgionbalgnlpoiccgoecdeeoi,njfmakabgionbalgnlpoiccgoecdeeoi,name
mmiemoagbpljakpmiomollgpcgiehdim,mmiemoagbpljakpmiomollgpcgiehdim,name
gojdeelmcgmmjoadcjpicpkejkjbbfhc,gojdeelmcgmmjoadcjpicpkejkjbbfhc,Тест на профориентацию
ecogijbkokfnojglblmffahehjkjlnfc,ecogijbkokfnojglblmffahehjkjlnfc,SPACER #1
hjmpphjfbnmbddhcpmdaaophlabjenil,hjmpphjfbnmbddhcpmdaaophlabjenil,My Extension
dfcbllpmkfdlmcjpibfincichchlamnp,dfcbllpmkfdlmcjpibfincichchlamnp,Movavi Slideshow Maker 6.6.1
nggkkjbcbnajlpiedibbikgjgkgjfgai,nggkkjbcbnajlpiedibbikgjgkgjfgai,Coinup Search
iinhhememjfkokiakinfgpjdeanfheld,iinhhememjfkokiakinfgpjdeanfheld,Chart Normalizer
fgammopmbkkafkclbikopphkeeilajba,fgammopmbkkafkclbikopphkeeilajba,New Tab Page - Blank
kambddpednejlaceniggdlhgigkockhh,kambddpednejlaceniggdlhgigkockhh,BitCro Search
iggacokahppncldjegpibcnmdneoinjn,iggacokahppncldjegpibcnmdneoinjn,Casinoupplevelse
akghknjchdholmeelknhkghgnmknfhaa,akghknjchdholmeelknhkghgnmknfhaa,Стартовая и поиск Hi.Ru
llhccjlbojjmapbcipnjlfedjbofjigd,llhccjlbojjmapbcipnjlfedjbofjigd,AMCWebApp
kcggjcnjagmajnfhpdhncghgboaofkhg,kcggjcnjagmajnfhpdhncghgboaofkhg,Firebase Auth in Chrome Extension Sample
lklmlnfoegfgohndepeaddddeooianod,lklmlnfoegfgohndepeaddddeooianod,Test by test3
lemioedjmmlnfcejpbljhmbibgelggne,lemioedjmmlnfcejpbljhmbibgelggne,Firebase Auth in Chrome Extension Sample
lohpdfikcbegjgnjbindmhkkmbjkbhhf,lohpdfikcbegjgnjbindmhkkmbjkbhhf,OceanGo
oepncppigoiagibchifdpibgpgidknni,oepncppigoiagibchifdpibgpgidknni,Firebase Auth in Chrome Extension Sample
aianghkolnphmmngpknlgbcafoelacen,aianghkolnphmmngpknlgbcafoelacen,Black Blank Tab Page
iohimoffklhjpdbodbeaeofjhogjnakg,iohimoffklhjpdbodbeaeofjhogjnakg,InfoTermi
ennnhdcfleapfgmpkbkpaagfejfnibkg,ennnhdcfleapfgmpkbkpaagfejfnibkg,Internet-Start
gbapciimajmhmlhohecbicaconidcgbj,gbapciimajmhmlhohecbicaconidcgbj,Firebase Auth in Chrome Extension Sample
afaaijiijklfhkhapfocbahlnpgknlmg,afaaijiijklfhkhapfocbahlnpgknlmg,a(8) Functions
cnhkghcbdppfomnpnhilbpinkajgmkjg,cnhkghcbdppfomnpnhilbpinkajgmkjg,Fastreel by Movavi | Online Video Editor
hcmepffgbbenebplmolgcppogkkkfnma,hcmepffgbbenebplmolgcppogkkkfnma,The Client Relations Factory
hkhlocepmjgohkgmghaogfpafmocjkla,hkhlocepmjgohkgmghaogfpafmocjkla,DocuVantage OnDemand Gmail Connector
ffofikficihklhkfehcfabpdofmemihh,ffofikficihklhkfehcfabpdofmemihh,Uzvy Default Search
mkhnlogngigmbdjpckmemecplmpijbbm,mkhnlogngigmbdjpckmemecplmpijbbm,Nash OS - Chapter 1: What is Nash OS?
mdjmijghafldpmljjljngmihkohoomei,mdjmijghafldpmljjljngmihkohoomei,BiddingBox
liinipoackgjljefijdlcpgloajlldil,liinipoackgjljefijdlcpgloajlldil,Slang - Text to Speech
dldageaefkkpikojmigdnpmdeoapdjed,dldageaefkkpikojmigdnpmdeoapdjed,Firebase Auth in Chrome Extension Sample
dekdaonldakgdpgkgfeiohamdfjfpccc,dekdaonldakgdpgkgfeiohamdfjfpccc,Прием катализаторов
bgcajjlghcbaoebgfgnhjbgaipmlpdli,bgcajjlghcbaoebgfgnhjbgaipmlpdli,Streak Tracker
enfmooofdgnemgekikojihpceobljgep,enfmooofdgnemgekikojihpceobljgep,gas - gtm Tool
hkghkfjmhdkandmlbjdigjhaldhdjpof,hkghkfjmhdkandmlbjdigjhaldhdjpof,COVID19 Statistics on New Tab
boaeobjcahicijkejbedemnaoibnmgmp,boaeobjcahicijkejbedemnaoibnmgmp,Arasak.com
nchjdnhlflbojlffhdaihagpcajiakec,nchjdnhlflbojlffhdaihagpcajiakec,Data Cleansing
gpkihnjhjfnnlklfokjfplnpdjjnmimh,gpkihnjhjfnnlklfokjfplnpdjjnmimh,So Chase Me
ciodheinffecofepblkhkljfmagnnckk,ciodheinffecofepblkhkljfmagnnckk,Скупка автомобильных катализаторов
kpfehncehohdkioaaeeedakhacmmkefp,kpfehncehohdkioaaeeedakhacmmkefp,Pillar Custom Functions
baakjfhbggcmmandgpkcekbogaadppim,baakjfhbggcmmandgpkcekbogaadppim,SearchOns.com
pbohjjhllefhfghkpikhjballblpkagj,pbohjjhllefhfghkpikhjballblpkagj,Watermark.ws: Batch Watermark Photos & Videos
jhnekgnjiiflhmlmccdgapnmoldidekm,jhnekgnjiiflhmlmccdgapnmoldidekm,Atelier Anke Jacob
omaiapdnhjmnmgojegjmhbcmahbbioif,omaiapdnhjmnmgojegjmhbcmahbbioif,Be Wise Professor
ellccpkcncpogdfafgjejjnfkceedlcn,ellccpkcncpogdfafgjejjnfkceedlcn,Torch Search
jnlbmhcbnmidbdmmhofijdggmclpikcg,jnlbmhcbnmidbdmmhofijdggmclpikcg,ZEITGEBER
hpnknoigkkchlbhimjcncapoilgbkfmo,hpnknoigkkchlbhimjcncapoilgbkfmo,Gardener Bot
oigdddkmgnfibgaafpaecbgbkomgoanb,oigdddkmgnfibgaafpaecbgbkomgoanb,CryptoKit.CEBPS Extension
mmojfhbllhldeklecnmifbnelpklepin,mmojfhbllhldeklecnmifbnelpklepin,sc10n bookmarklet
neokdbgnoimplhcenmmbjabdhhjbmbdb,neokdbgnoimplhcenmmbjabdhhjbmbdb,TopGrading - JobVite Plugin
hdhafnlnpgihafppplpdfbdhjionmpin,hdhafnlnpgihafppplpdfbdhjionmpin,Nicely.cc
mmkmmgdmglbhgogpaepmhhbecdilgoee,mmkmmgdmglbhgogpaepmhhbecdilgoee,Think Help Desk
meelgppppibgjlempimbhnlcbmfjdgfi,meelgppppibgjlempimbhnlcbmfjdgfi,Disposable Mailbox
hanjfllnmjomdjconodgalakmmdkcnmk,hanjfllnmjomdjconodgalakmmdkcnmk,name
felklfphngaimhchomlfbfcefdbhnhjp,felklfphngaimhchomlfbfcefdbhnhjp,NCTU Dark E3
pnbfiinedmemhcdgfkniadoeomlgkkbn,pnbfiinedmemhcdgfkniadoeomlgkkbn,YMusic Play
efknekcleeppkeihidbeoggjfdenogob,efknekcleeppkeihidbeoggjfdenogob,DeRocket Star
oppfgaicamfcdpfgkgllnmghbkekbdmd,oppfgaicamfcdpfgkgllnmghbkekbdmd,Whac-a-Mole
bndfdncjampimpibnblidhoepkhbpeaa,bndfdncjampimpibnblidhoepkhbpeaa,Tabby Face
cdaiopnpmkfoeonhcihiagiecjjonfah,cdaiopnpmkfoeonhcihiagiecjjonfah,mdjs-viewer
gpcmeiebpflemahameeillncgfiifphg,gpcmeiebpflemahameeillncgfiifphg,Mitt Romney's Nephew
adllocmhjliahdanbfnaijobleemnglo,adllocmhjliahdanbfnaijobleemnglo,Punkass Kids!! Get Off My Browser
ckhljhdocmhkniefinppahmcgonpemlf,ckhljhdocmhkniefinppahmcgonpemlf,Gifaster
ccocombhhhapoooihkdgdlhkcknhndgc,ccocombhhhapoooihkdgdlhkcknhndgc,AvJuicy Plugin
beaepapjkhdcienhpgcoekbjckajapdk,beaepapjkhdcienhpgcoekbjckajapdk,Numerology Score Calculator
jpejajbhcnbpbknefhfphhlebdfbcfae,jpejajbhcnbpbknefhfphhlebdfbcfae,PwGen
cfodmpfppkdledadbdaidmgghhgmkdni,cfodmpfppkdledadbdaidmgghhgmkdni,name
cdcmkgmpkgcpbciedjgkddedeoeafmlm,cdcmkgmpkgcpbciedjgkddedeoeafmlm,YouTube Dislike and IMDb forum restorer
felohcdemdbdodhnghflhdbniijjeadg,felohcdemdbdodhnghflhdbniijjeadg,CompfloUploader
eifhnmgbkcbehcaabdmgmbgnlaheadpn,eifhnmgbkcbehcaabdmgmbgnlaheadpn,Full-Window Player for YouTube
jlpchpckgnbidjoglbkkkdgflcpcmkec,jlpchpckgnbidjoglbkkkdgflcpcmkec,Roblox Dark Mode [BETA]
jokohgmhnpcjebmohaadcicbidocjhdd,jokohgmhnpcjebmohaadcicbidocjhdd,ImproveGistPager
ganoilfefbaddeibjpjogbdcjpnjnbji,ganoilfefbaddeibjpjogbdcjpnjnbji,Da DaBaby Game
lnmkkohgjfjokjoaaebdbconhokeajgp,lnmkkohgjfjokjoaaebdbconhokeajgp,Quick Tab
mebhnnfdhipfhjaebnboibcdkdipjddj,mebhnnfdhipfhjaebnboibcdkdipjddj,Screenshot Capture
bfmfbnlagkdfnhdeibiaimidhdaonhcm,bfmfbnlagkdfnhdeibiaimidhdaonhcm,The Joe Rogan Experience Productivity Podcast
fnfpdeaijfjmaehhkpdnoieimohodbcm,fnfpdeaijfjmaehhkpdnoieimohodbcm,Alpaka.express для веб-мастеров
eoojigjmgmaifeejbccfhnhedmjmnhdb,eoojigjmgmaifeejbccfhnhedmjmnhdb,KURT Seguros
ajkhhbbojkdghjfdmiekadmeplhehppa,ajkhhbbojkdghjfdmiekadmeplhehppa,LeadDesk Talk
hgmdeeoighmhomddlghfjcidkdcpbllf,hgmdeeoighmhomddlghfjcidkdcpbllf,Tabs Killer
hhinchjegkfefcpdhkghcinpkkenjgdf,hhinchjegkfefcpdhkghcinpkkenjgdf,Login to Community (quickly) for Salesforce
pjcdhklpcmadoldkmojbmlimojgbjdji,pjcdhklpcmadoldkmojbmlimojgbjdji,Keepclubbing Chrome extension
lfdkbfgkbeaacmbimagfneboofhomjpm,lfdkbfgkbeaacmbimagfneboofhomjpm,Tabmaster
legdfpaiinfkhmddpgcafpffhgjjpgkl,legdfpaiinfkhmddpgcafpffhgjjpgkl,THE PAINTLY
iphoklkbghonenhklnphmgaakpbdjdic,iphoklkbghonenhklnphmgaakpbdjdic,CFCA CryptoKit.CFCAVerifySign Extension
gghacdgflidmgmcdmmncndihaihdalbp,gghacdgflidmgmcdmmncndihaihdalbp,Florida Man Trump
idjoiihokgcjamodpblidfgcapoganng,idjoiihokgcjamodpblidfgcapoganng,«Фабрика объявлений»
ldncjdbdafdkhbkbknemallpgjpifodl,ldncjdbdafdkhbkbknemallpgjpifodl,My Merrys
blaghicfklakdeloamnjpaoodkpeglbl,blaghicfklakdeloamnjpaoodkpeglbl,Test the Rest!
dhenabeepcbhcpbkeebhfijlmioihcjd,dhenabeepcbhcpbkeebhfijlmioihcjd,Best Google SEO Helper
miflofidoigplobekjhhhjmbopdlbfgl,miflofidoigplobekjhhhjmbopdlbfgl,Betting Calculator
eapmdkoepipnkeinhajebnopkgpndlgk,eapmdkoepipnkeinhajebnopkgpndlgk,BinHexr
palfmbecnjlbjmnjiflmkpnpjmlcgfke,palfmbecnjlbjmnjiflmkpnpjmlcgfke,RD1
aedcegbncjgdbpdodemfbimfdilimfda,aedcegbncjgdbpdodemfbimfdilimfda,Avionte Echo
gaapehfiodincbjnhfhndlemfnifidlg,gaapehfiodincbjnhfhndlemfnifidlg,Jitsi Partage d'écran DRDJSCS BFC
pmpfhpljobmccilgndcgibmbmjdpapfo,pmpfhpljobmccilgndcgibmbmjdpapfo,Imieniny. Życzenia na każdą okazję.
eendnbabcpbjdielmebjfbigakffmhdg,eendnbabcpbjdielmebjfbigakffmhdg,BDWMBBS-BLOCKER(北大未名BBS屏蔽插件)
ddkhocdgafdhklifabjacljbfmmiidko,ddkhocdgafdhklifabjacljbfmmiidko,Dịch Vụ Thiết Kế Website Giá Rẻ WebsiteViet
gamcmmbgkgadkkionimkedkaighlgaga,gamcmmbgkgadkkionimkedkaighlgaga,Keep Colorado Green Facebook Banking
bhjpefidnkhmieflmgbjibmkpnaemilo,bhjpefidnkhmieflmgbjibmkpnaemilo,Github Code Review
kajdnjdbjjnkpjcbekfcolcdjccjmdhb,kajdnjdbjjnkpjcbekfcolcdjccjmdhb,Warn Me
nkppjhcodobfcfmbgijefgclihcamebc,nkppjhcodobfcfmbgijefgclihcamebc,7 segment clock
coamhmbkfikjjkfplcocinhjgmpdaeaf,coamhmbkfikjjkfplcocinhjgmpdaeaf,Make Kanban boards more scanable
lmldjiliodhgfjlfjlliddiohpaelnph,lmldjiliodhgfjlfjlliddiohpaelnph,Quick access to Translator
ghlijfjnodjnlekkagbjgnkfllahlecc,ghlijfjnodjnlekkagbjgnkfllahlecc,iidxsdgvtdatasync27
bggjpabhffcbppkohaapeojcmhflhagl,bggjpabhffcbppkohaapeojcmhflhagl,CFCA CryptoKit.ThBigData Extension
hholgmphhacfggakbffioccbmcnmkckg,hholgmphhacfggakbffioccbmcnmkckg,cookie快速模拟
njihmgeigicpmhhnnmhhbpfhmilfjhbe,njihmgeigicpmhhnnmhhbpfhmilfjhbe,Smart Calc
leaichjefmjhmpmmmcpbhkpolefojidl,leaichjefmjhmpmmmcpbhkpolefojidl,CFCA CertEnrollment.NCB Extension
bjopjmdidokjahnbekjliekbplkhaink,bjopjmdidokjahnbekjliekbplkhaink,HiTravel PC版安全插件
ckgfpdpkcnegmgnjljjeambdgdggaoae,ckgfpdpkcnegmgnjljjeambdgdggaoae,Right-click to search Slate - by Lloyd
hdifgcbbielfnleajkgbelepjookhcji,hdifgcbbielfnleajkgbelepjookhcji,Trilliant - Product Reviews with Pictures
fedagdconefjhabnkfpdlahifhjhffjb,fedagdconefjhabnkfpdlahifhjhffjb,Audio Web
gpmcjjjajpdjpcogciopbjbnagmdalfd,gpmcjjjajpdjpcogciopbjbnagmdalfd,name
hndckmccaaoclfpiagnjocnfclgnfije,hndckmccaaoclfpiagnjocnfclgnfije,Glitch App to Project
cpddacmhomhmpalfdggoklegadnldpgl,cpddacmhomhmpalfdggoklegadnldpgl,CommenTab
mkfoljfaagohdbjmdoecllolaicpjedn,mkfoljfaagohdbjmdoecllolaicpjedn,Tocando agora (beta)
idjpogkmgpbfokejnjegjlfniocgfhnp,idjpogkmgpbfokejnjegjlfniocgfhnp,TIL - Learn something new in every tab
lobmpnlkbikhiibppcbicddmldmpofjh,lobmpnlkbikhiibppcbicddmldmpofjh,Hottours CRM
hijfpflgcdkckgihbjlpengkommanmbe,hijfpflgcdkckgihbjlpengkommanmbe,CFCA CertEnrollment.NBCB Extension
adnjlnpdndicafchbglghieljplkhphk,adnjlnpdndicafchbglghieljplkhphk,English Words 300+
feogbpckopjeedalklhjgjgpbeihfcnc,feogbpckopjeedalklhjgjgpbeihfcnc,"Ted Cruz, A Oil Liker"
fjmbdeicipcgmmaflckgfaoekeonidjl,fjmbdeicipcgmmaflckgfaoekeonidjl,Facebook is a trap!
mibpohnengmoemnenfijmoiajkkimpin,mibpohnengmoemnenfijmoiajkkimpin,MediaSession Provider
pekjcpfadgjcbjjeajojbpkaifljlglf,pekjcpfadgjcbjjeajojbpkaifljlglf,name
kclkakodphjhmpeoboogpgipinfmocdk,kclkakodphjhmpeoboogpgipinfmocdk,name
glmmbajndnlkglndcdnkiehomjkpkihn,glmmbajndnlkglndcdnkiehomjkpkihn,Mapsy
jnjmfoocddpeelapkbkkiilpgecmlmci,jnjmfoocddpeelapkbkkiilpgecmlmci,CADLAB.io
caccbdlmcdnnimccpgammdabicibcbmp,caccbdlmcdnnimccpgammdabicibcbmp,賽考利克泰雅語翻譯
knhjbhkpdfmlmjiaepkppgcijhanmiem,knhjbhkpdfmlmjiaepkppgcijhanmiem,South Schedule
fmnbeaicfincdiiaogkeahdjchflmmoj,fmnbeaicfincdiiaogkeahdjchflmmoj,Only move
pgikkieojfchgigcakidkphfdbpihgpl,pgikkieojfchgigcakidkphfdbpihgpl,Touremind
alhljceidfdmahgfhjlpbbpcmcbnicfc,alhljceidfdmahgfhjlpbbpcmcbnicfc,SWATHub Recorder
gdpecfemoflcchiminfhcleelcolmopk,gdpecfemoflcchiminfhcleelcolmopk,Univerzalni Kreditni Kalkulator
annmmkpobpkmnmdmcjmbonpmnpmohica,annmmkpobpkmnmdmcjmbonpmnpmohica,Reload CSS
dcbilkcifcfhkcfiphobdndfhfbfnmmm,dcbilkcifcfhkcfiphobdndfhfbfnmmm,urlcmd
djigkpimlnkmhbimadilgjimhheohmam,djigkpimlnkmhbimadilgjimhheohmam,TP Weather
opofknelcmapaeiidceffimbngcamhep,opofknelcmapaeiidceffimbngcamhep,Clappify
ihmogkmilpcjjflgahkelgnjmcpmbjfm,ihmogkmilpcjjflgahkelgnjmcpmbjfm,Diary@AllChk
ppnhhlbhcnnncmpdipllejanjhckjhoh,ppnhhlbhcnnncmpdipllejanjhckjhoh,name
kbkaadcbdaiobocnpdocjnihcehemhde,kbkaadcbdaiobocnpdocjnihcehemhde,Home Cosmetica - Latest News Update
fkhbiebcklajdihgkgfdecloboimcbco,fkhbiebcklajdihgkgfdecloboimcbco,Afstand berekenen
fkbmkefjindoajppnnjoanipjpgehogg,fkbmkefjindoajppnnjoanipjpgehogg,name
pknjhbmcfdoebllidlolfnhkooigpeel,pknjhbmcfdoebllidlolfnhkooigpeel,Social Media Stopwatch
hodphpbkkfioipjgeohmbaeejipplmae,hodphpbkkfioipjgeohmbaeejipplmae,Kastio Video Conference ScreenShare
damliljmlfomcpbidlblngfjgmflpomh,damliljmlfomcpbidlblngfjgmflpomh,Style's Got Mike
nianghdcpickkjjjbpbbjniocdocafdb,nianghdcpickkjjjbpbbjniocdocafdb,google-slides-asciinema
foffoiohhalpfaoglaoebgjjmnklnhkk,foffoiohhalpfaoglaoebgjjmnklnhkk,Dipshit Donnie
nidpinnckkmomhmokjjomajcjnhidcen,nidpinnckkmomhmokjjomajcjnhidcen,Fzuck
jjoojeldkdnibcdoadogbdefbjlamkpa,jjoojeldkdnibcdoadogbdefbjlamkpa,Tasks
acdglffpgonoaepdhfmbccjpeopblbom,acdglffpgonoaepdhfmbccjpeopblbom,Google Search Console SEO Enhancer
mafjhggcnknolonfdoiecimogilmgjhm,mafjhggcnknolonfdoiecimogilmgjhm,OlyScraper
follminpdpghndmaleamimmbdhlgaepo,follminpdpghndmaleamimmbdhlgaepo,wino
gedegpjjmmhgiccmigekiedmhdedgmpi,gedegpjjmmhgiccmigekiedmhdedgmpi,Find+
jnldbjecklhlngfiigiffndeaccgnmhp,jnldbjecklhlngfiigiffndeaccgnmhp,OneFeed
ibkmmlejbcdiljjbcoibpmkionnjmlbn,ibkmmlejbcdiljjbcoibpmkionnjmlbn,Autoreloader: Reload tab on file change (Win)
dfgnmnhpepngcfigngikmojdpndblcdm,dfgnmnhpepngcfigngikmojdpndblcdm,nottin
igehidgmdciajedkhlpekpanbehflipk,igehidgmdciajedkhlpekpanbehflipk,4BOSELL HELPER
lcaccbenpmmlggggdcobmnnnpdbmkndh,lcaccbenpmmlggggdcobmnnnpdbmkndh,Hinfly
kccbikohjealaaeaklknglnonondaiff,kccbikohjealaaeaklknglnonondaiff,WicketSource
ldmndgpabggpklkhngiifmopjbkllfal,ldmndgpabggpklkhngiifmopjbkllfal,#60SECONDRESISTANCE
njchepcljhlephnkhpjnggplnjelkdlj,njchepcljhlephnkhpjnggplnjelkdlj,Odete
koiicpkkmlnhcnankkllaoadjbnpglbj,koiicpkkmlnhcnankkllaoadjbnpglbj,GloScreenTags
adhdbclaplninpalnlcgaooncbkjocmp,adhdbclaplninpalnlcgaooncbkjocmp,IHeader
jcklpblmdpnlcojdhpgcaadfjecfbghg,jcklpblmdpnlcojdhpgcaadfjecfbghg,Geography
mhpelcikddgfccgjboanmkjnandfgacd,mhpelcikddgfccgjboanmkjnandfgacd,CleanFeed
ebmgagejcifbcebdbiiodjjaamgiamle,ebmgagejcifbcebdbiiodjjaamgiamle,Popup Hatebu Comment
nekhigagdliopghmjflmeemocmekpgin,nekhigagdliopghmjflmeemocmekpgin,Younext
mjhogeibfeflcnldcmiainpdkdmfnhpb,mjhogeibfeflcnldcmiainpdkdmfnhpb,jdd_ik3cloud
admkahgcbipglokgboenonpgaklpaoma,admkahgcbipglokgboenonpgaklpaoma,Aiwozo
gmiaemibdhfgcbalghkphidpfhjkddkm,gmiaemibdhfgcbalghkphidpfhjkddkm,Bitrise build status indicator
mdlhominadhbdceihadncpnkkdekapcm,mdlhominadhbdceihadncpnkkdekapcm,Elaborata Desktop Streamer
nmacnakpmbegfnfgiffoblaflkefjlca,nmacnakpmbegfnfgiffoblaflkefjlca,Report-Sample-Injector
bpikjpiahcghfboceffhojblkpfofbjf,bpikjpiahcghfboceffhojblkpfofbjf,Airbnb Zoning Cross-Reference Extension
ggpflhcnomanmdagjlppmklkiijkkdhd,ggpflhcnomanmdagjlppmklkiijkkdhd,GauchoMap
gegmhbfkagnmenmbbgghgkdhflmidmga,gegmhbfkagnmenmbbgghgkdhflmidmga,Indians.com FanMail Extension
ennaiiiicpcoamlefkcgdccmjcknnocl,ennaiiiicpcoamlefkcgdccmjcknnocl,name
piklbpeioeheblaifhlfhgeegdgkcpga,piklbpeioeheblaifhlfhgeegdgkcpga,Firefly
ofpaooafcdpbgbijbnhbjdjlodpcpifc,ofpaooafcdpbgbijbnhbjdjlodpcpifc,Hyperlink Text Selector
bbofkffmfiambifonbnhfackhigeodkg,bbofkffmfiambifonbnhfackhigeodkg,Калькулятор
afakeafhcjjglnedecmbhknbhalnelfb,afakeafhcjjglnedecmbhknbhalnelfb,The Element Cycles
ifddjhjeeeahbfboonedjbpbfojidadh,ifddjhjeeeahbfboonedjbpbfojidadh,HoloPlayer for Facebook
kmjccehdojphpoalkojfmfndbmpmkkod,kmjccehdojphpoalkojfmfndbmpmkkod,Reload All Tabs
nlllffpgjfkgoagldkdphnabhndmdfom,nlllffpgjfkgoagldkdphnabhndmdfom,Theken Texte
pdhcplbcmmaghpboidnooibhfdnpfipm,pdhcplbcmmaghpboidnooibhfdnpfipm,Tabliner
ijcicekfknlachmpfckagnhhoedfoeep,ijcicekfknlachmpfckagnhhoedfoeep,MeetBot
hhbhcggbfgajhepphiabjejhjcdedcpk,hhbhcggbfgajhepphiabjejhjcdedcpk,name
lgaankgifdhicdelppjoccifpgmoealk,lgaankgifdhicdelppjoccifpgmoealk,My Zmanim Monsey
eipojanlhhffickbpoegkafcpndafgoj,eipojanlhhffickbpoegkafcpndafgoj,千锋自动测评
pffkklpbehjpoaeegghbdjfikinmndnd,pffkklpbehjpoaeegghbdjfikinmndnd,Pangolin Fake Detector
hnckgnbicnmpdppjnbchkokjinfhfpla,hnckgnbicnmpdppjnbchkokjinfhfpla,PC Protect Safe Site
ijanbjhbpglkhncjadppmcnooicdkljd,ijanbjhbpglkhncjadppmcnooicdkljd,name
jkhpcjlkalgnhlnbjlmbijpnjadbbcpg,jkhpcjlkalgnhlnbjlmbijpnjadbbcpg,Twitter Sanitizer
ajiemnfobhbjbjlnlgmidkbnejlffmmi,ajiemnfobhbjbjlnlgmidkbnejlffmmi,Noisli
fbbfeoonjjfkimagopijninbfdddodfh,fbbfeoonjjfkimagopijninbfdddodfh,招聘助手
nmecppbaggcpblcfdidlokfnfpljikgj,nmecppbaggcpblcfdidlokfnfpljikgj,Refresh my site!
kbbclhhljmpmfgameocdhefdpmlimegi,kbbclhhljmpmfgameocdhefdpmlimegi,Wordstat Manager
dfgplcpanfdnknbmcaghggjpnllpddik,dfgplcpanfdnknbmcaghggjpnllpddik,Opal Miner
olpofgjoceeddickmfmomcabjenenigj,olpofgjoceeddickmfmomcabjenenigj,TeamBox Alert
knbpcoimkjgfoefdaoidapccpgelemad,knbpcoimkjgfoefdaoidapccpgelemad,WebSocket King Client
pmkfcaeagpolfcahpldamgahghhomjbm,pmkfcaeagpolfcahpldamgahghhomjbm,Skip Netflix Intro Auto
npapjhdlcolfebiednaaogkhbmomfcle,npapjhdlcolfebiednaaogkhbmomfcle,RAI Replacer
mflhkebbldohmljnahnalenngfmlbble,mflhkebbldohmljnahnalenngfmlbble,Hell Rabbits Live
gdphgdnpciikoelfiganamhapemjhjdb,gdphgdnpciikoelfiganamhapemjhjdb,Chanta
gldgapmekfidghcadcgmcapekmcofipd,gldgapmekfidghcadcgmcapekmcofipd,Shopee WeAnaly Tool
nbfgffhkoonlbacmmjampnpjejjjdgpg,nbfgffhkoonlbacmmjampnpjejjjdgpg,NIFTY 50
mknibjeheoldfjfdgpamolimbiikbiop,mknibjeheoldfjfdgpamolimbiikbiop,YAKjs context menu
ccboopnefeainfgehdojfobhckmhgokb,ccboopnefeainfgehdojfobhckmhgokb,Start your search with eBay™ + Right Click
kngmlmkiapjbjanhjdhcmigpbphdiekm,kngmlmkiapjbjanhjdhcmigpbphdiekm,Shop-in
haimmmglahdcjolpldbbjdehfcihjlim,haimmmglahdcjolpldbbjdehfcihjlim,abctx
ofngeedihalecgbjodmejpdfndcahlil,ofngeedihalecgbjodmejpdfndcahlil,Search splunk
heenegfokphjkmogeccbaindjjnpijck,heenegfokphjkmogeccbaindjjnpijck,name
nkdepmnfhdjfbebdfpahbnhfafmglidi,nkdepmnfhdjfbebdfpahbnhfafmglidi,Word Count
decefkmlddohiggelbifkoaobjekalhj,decefkmlddohiggelbifkoaobjekalhj,Welcome to the internet
baoehcinncafahkhefhjanpoiikmfccl,baoehcinncafahkhefhjanpoiikmfccl,AlphaQuotes Motivational Quotes New Tab
fidhdfmgfljaobonlfcjeidncgfhlnfi,fidhdfmgfljaobonlfcjeidncgfhlnfi,FCS Tech Deck
npadfkcikbkgpigkpfniolgogmiijoll,npadfkcikbkgpigkpfniolgogmiijoll,Print Lazada for Jubelio
nlkpljkacgmblcgjappckgbekaljfnjk,nlkpljkacgmblcgjappckgbekaljfnjk,search popsike.com
omdlklpilnmdfldondodhieojpkodndi,omdlklpilnmdfldondodhieojpkodndi,Pitch shifter - HTML5 Video audio FX
baobkpiejapnnmhbpbmmbpkgickpdghh,baobkpiejapnnmhbpbmmbpkgickpdghh,Just Launched
afijdkapacbnmfjkmipdfgnnbfpmmoad,afijdkapacbnmfjkmipdfgnnbfpmmoad,SeoVisor
bedodokiampcckckeodkpdhchmgbleff,bedodokiampcckckeodkpdhchmgbleff,ShopOrama Tool - Eagle Media
nfohhgcgdfcifjpjfnaoeookdbgkgbmm,nfohhgcgdfcifjpjfnaoeookdbgkgbmm,name
klclbacdcfigjaiceajinkonnkcgnobc,klclbacdcfigjaiceajinkonnkcgnobc,はてブ Fun
ffheidicfkochodegnbhiflcllaaefhi,ffheidicfkochodegnbhiflcllaaefhi,Bättre Nyheter
maoineplgnaigekhfopdieiahgdjdkam,maoineplgnaigekhfopdieiahgdjdkam,Karmabot dashboard
elkgdelckkldlcejjamdagmbfghichll,elkgdelckkldlcejjamdagmbfghichll,Text Tube
mhaofkmdpgjdcecgfmainpjgnfmmhlbl,mhaofkmdpgjdcecgfmainpjgnfmmhlbl,Blinknotes
bkpdohcllhcaejhijbolghcgcdkfacom,bkpdohcllhcaejhijbolghcgcdkfacom,Zápisník nabídek práce
ickpbgkmjodbclmejbijgilcdccminfd,ickpbgkmjodbclmejbijgilcdccminfd,GitHub Code Wrap
hojdaeaggpookhlhhilkbibkfbnmpgpa,hojdaeaggpookhlhhilkbibkfbnmpgpa,Etsy - Export payments
banegighfdcacilmkahdjhgjgbciafmk,banegighfdcacilmkahdjhgjgbciafmk,fraud_alert
ldigknfdafjbnbdadlfdfampapmdhhfo,ldigknfdafjbnbdadlfdfampapmdhhfo,YouTube Tab Switch
iekallpaneiiojokfppnpckdebnkeidj,iekallpaneiiojokfppnpckdebnkeidj,codeplug.in [Generic Version]
fbgikljdagbanfgiimachifckbdnmnlf,fbgikljdagbanfgiimachifckbdnmnlf,OrbitFenix Flash Enabler
fomboakkmhgboiepipehgiblbpkhicjf,fomboakkmhgboiepipehgiblbpkhicjf,Pinterest画像ダウンローダー
kogangejpnmblpiffnapjdebdpkonoff,kogangejpnmblpiffnapjdebdpkonoff,Omnivox Dark Theme
pimjgeemhpcfodpeklckmhjeodaiggig,pimjgeemhpcfodpeklckmhjeodaiggig,name
kndnfbmjopkenghimanimafaijmhibac,kndnfbmjopkenghimanimafaijmhibac,CleanLink
lfogkjopedilanfdgkkdiegmhlbcpelj,lfogkjopedilanfdgkkdiegmhlbcpelj,name
hafpbfgcfiaphbmmagehgpcjkbebfofp,hafpbfgcfiaphbmmagehgpcjkbebfofp,Ticket Master Data
mboadjigkfhgnhdcicgicafjmbkfijcl,mboadjigkfhgnhdcicgicafjmbkfijcl,Clarify Facebook's privacy options
jpginnjealbknnbgnklknalagkdmlpag,jpginnjealbknnbgnklknalagkdmlpag,AtCoder VirtualContest-Connect
amlffnkkdaedmndiklgdphaanmcjnlea,amlffnkkdaedmndiklgdphaanmcjnlea,JumpToOSMChangesetAnalyzer
epkpilgligfpajldnkmobmpfhddigoch,epkpilgligfpajldnkmobmpfhddigoch,Trump to Individual-1
kdmfcofnhnllmodanmiegbaolallgmbi,kdmfcofnhnllmodanmiegbaolallgmbi,Anti67
mgnicgalaiciajfgaebngkakjeceljkk,mgnicgalaiciajfgaebngkakjeceljkk,iForum for moders
odpmclpmikghiankflfcholkpflbnffa,odpmclpmikghiankflfcholkpflbnffa,El Toro
ibchpjahjhifolbghpjgfciabdcdnpid,ibchpjahjhifolbghpjgfciabdcdnpid,Sendroid
nildjgafogjpahlklpncffffdnljkgbo,nildjgafogjpahlklpncffffdnljkgbo,Tesco Groceries TPNB Viewer
ppihcnmdofjgblaahomfdmcnpblcbldn,ppihcnmdofjgblaahomfdmcnpblcbldn,OmniMemo
pecflpnngpkbkpplefofhokbjnehcadb,pecflpnngpkbkpplefofhokbjnehcadb,AcFun Video Download
nnfihfihbmgnkeeeebhanhmpojclfpad,nnfihfihbmgnkeeeebhanhmpojclfpad,OP.GG Extension
pakpfgooafhnekbimoodbcekeaiabbhe,pakpfgooafhnekbimoodbcekeaiabbhe,Title URL Clipboarad
ipcblpolaeanpijbelaaaalmbbnfokhc,ipcblpolaeanpijbelaaaalmbbnfokhc,Trello Compact Mode
ghfinncbapddodnchdhfjnmgfkaejhmp,ghfinncbapddodnchdhfjnmgfkaejhmp,FicusJS devtools
imgonkciigiopnpmjhacikppghlemilh,imgonkciigiopnpmjhacikppghlemilh,Khaled Keys
klekjkocnhkkfbjnkococjilkgemegfk,klekjkocnhkkfbjnkococjilkgemegfk,quickreach
nnmpkdcdifmlcgikkbcnpdjbpdefeomb,nnmpkdcdifmlcgikkbcnpdjbpdefeomb,MelvorTrainer
kjkehehijnanbmdnidofledikdppodfh,kjkehehijnanbmdnidofledikdppodfh,Night Video Tuner
kpkejmeloobaeeopkjdbnebcgebhcboe,kpkejmeloobaeeopkjdbnebcgebhcboe,ECHOed Links
pjndiiopiiojbjkgaofbmmmfloejdend,pjndiiopiiojbjkgaofbmmmfloejdend,name
mkhohhpeajnephpblgghggghkjkffhgn,mkhohhpeajnephpblgghggghkjkffhgn,Stack Exchange Help Links
eejhdkkihlmampdfllofghbdlojapfbf,eejhdkkihlmampdfllofghbdlojapfbf,SOLINFO.ro
enkgpigninikpjifapaeakfdmpkblnbl,enkgpigninikpjifapaeakfdmpkblnbl,Stop Tabs 10
dphbcfdndilkgccpjkaihiaoccfmkekn,dphbcfdndilkgccpjkaihiaoccfmkekn,name
fgafanobdbbmbfaamdffcdfbgopokelk,fgafanobdbbmbfaamdffcdfbgopokelk,name
feclcilnnbhnocajeknbhmjkjfhkehfn,feclcilnnbhnocajeknbhmjkjfhkehfn,jike.k
eleicddmliaclipkmdgghdeikiejgpcl,eleicddmliaclipkmdgghdeikiejgpcl,HealthFin Data Collector
dllkogdmbanlppjpgdibfkbblbaahijn,dllkogdmbanlppjpgdibfkbblbaahijn,King Crab Party
cjfcggncifmbgbmndiplmoebchjfifbn,cjfcggncifmbgbmndiplmoebchjfifbn,TabAddict
mkljmpojnendehckjbagemkkgamnagco,mkljmpojnendehckjbagemkkgamnagco,CheXplore JS
maefomipmebljabfchjchooccjdhhckb,maefomipmebljabfchjchooccjdhhckb,Lájkvadász stop!
kopecoagikhelgkenhicomflchdimnga,kopecoagikhelgkenhicomflchdimnga,Color Palette
ifkickiginfocccnhcfifmejechhmbli,ifkickiginfocccnhcfifmejechhmbli,TooButtons
mhlodgmpnjjhfpppmohelbfmeoninado,mhlodgmpnjjhfpppmohelbfmeoninado,name
ekghhlpfokopajdolpolpcanmhmpghom,ekghhlpfokopajdolpolpcanmhmpghom,GoldenWert
leghipcfbbgfpibfanpnocmagdadgmeg,leghipcfbbgfpibfanpnocmagdadgmeg,BrowseMyTown Netherlands
hkemkgpbjkglonlpilanmeaoahgkhmcn,hkemkgpbjkglonlpilanmeaoahgkhmcn,Unit Converter
hgaofhcidmhfjmmapdknkofgchogocll,hgaofhcidmhfjmmapdknkofgchogocll,Healing Crystals
igbaaplkmhfcfempadclobapcobgfnhc,igbaaplkmhfcfempadclobapcobgfnhc,JCT - Login
gcliolhofgcfmijicdmgcfoeicbhebfc,gcliolhofgcfmijicdmgcfoeicbhebfc,TekZoom Now!
dedlkenbgjlkpamjkinfgejljkifmimd,dedlkenbgjlkpamjkinfgejljkifmimd,Scrumcoon-trello
cocpfkobggjbobpnmklfambchdegmhob,cocpfkobggjbobpnmklfambchdegmhob,Wevuw: Review the Web
cbhgkjdeinacfjhpfcilpneemghgoham,cbhgkjdeinacfjhpfcilpneemghgoham,Nuke Dialog
oehnnplgoegkmflaekaflbdpbaagjfbe,oehnnplgoegkmflaekaflbdpbaagjfbe,Rádio Santiago
klngbpegljjdefmebjneckaikgmfjhbm,klngbpegljjdefmebjneckaikgmfjhbm,Công cụ Đặt Hàng Vận chuyển Mdorderchina
kkmmijhhiphhodhinhnpnbnmffnilial,kkmmijhhiphhodhinhnpnbnmffnilial,Refresh Specific Tab
bccdohmacgkihojgdefakdhhdccpclpk,bccdohmacgkihojgdefakdhhdccpclpk,name
pkapgokdkgopikfnnmojmodkfihafcni,pkapgokdkgopikfnnmojmodkfihafcni,Payday Loan - Direct Lenders
ojadomlppplidhmidjmoabhnjdgdoapl,ojadomlppplidhmidjmoabhnjdgdoapl,"Github ""Add single comment"" shortcut"
ajnennolgjbadfdclkchpdigabgecmeb,ajnennolgjbadfdclkchpdigabgecmeb,name
knecnendkbbdmncklbhlgcppjpajaipd,knecnendkbbdmncklbhlgcppjpajaipd,PDF to FB2 Converter
nejonmoghjjielofmaiccajkoologdnh,nejonmoghjjielofmaiccajkoologdnh,Github image preview
giijkkefkpggbpmbccmebloapelhnggk,giijkkefkpggbpmbccmebloapelhnggk,Toster Stickers
nkhmngpedilcjkmdackogdiiiiakhfgf,nkhmngpedilcjkmdackogdiiiiakhfgf,Cite Trove
ekgipgiaopkfpcbkjfmkfnnbnkohohkl,ekgipgiaopkfpcbkjfmkfnnbnkohohkl,H-Header
ccnkhcmepilmneogdbpedlampjacacce,ccnkhcmepilmneogdbpedlampjacacce,Jelly Party
dlgjlpalfblohgbnneomemgednccmgga,dlgjlpalfblohgbnneomemgednccmgga,name
idcmeohcendflladpgjlmbjhajiaddkg,idcmeohcendflladpgjlmbjhajiaddkg,Sparkles
doakbobgenagienigbbpliopkckofhcf,doakbobgenagienigbbpliopkckofhcf,name
jmlodgfmibdmnoancjhgdgdgaclokhgi,jmlodgfmibdmnoancjhgdgdgaclokhgi,List Builder for Twitter
glhaigmholpejdnphinknaphmigmbkhi,glhaigmholpejdnphinknaphmigmbkhi,Sai Council of Malaysia
blndcbbnjekmjhgeaefcdmjijfmgcnjg,blndcbbnjekmjhgeaefcdmjijfmgcnjg,name
egehmnkakhfbiiccgpdpfmblhnmmjbej,egehmnkakhfbiiccgpdpfmblhnmmjbej,Anonymous VPN - WebRTC leak prevent
hljeeelkdfhjpbekcgjnobenjbdeknhb,hljeeelkdfhjpbekcgjnobenjbdeknhb,name
lifecgkglfdbmpdjibncllkalliakkag,lifecgkglfdbmpdjibncllkalliakkag,Timer Pro
dedcmfbnakehkhniojlfofffmemedhee,dedcmfbnakehkhniojlfofffmemedhee,MangoSigns Chrome Player
pgnjcjahahkhppedgijeichfkfgjcfll,pgnjcjahahkhppedgijeichfkfgjcfll,GroupRipper
kmbgpflaojmkofefndnoijbfmfinmepc,kmbgpflaojmkofefndnoijbfmfinmepc,Ovarian Cyst Treatment Without Surgery
hkiecdebiebblkedibdmjcjnmmikplcl,hkiecdebiebblkedibdmjcjnmmikplcl,CMUDirectory
kkbefhnoidbeeooejpclbloenoglnnoh,kkbefhnoidbeeooejpclbloenoglnnoh,Deviato
nomgnakdcocgebhibakhmgfknacokffc,nomgnakdcocgebhibakhmgfknacokffc,Timetable Automator - 025
nibbmlaaffjnpniijgkpbecddpkpmmlp,nibbmlaaffjnpniijgkpbecddpkpmmlp,✨ Basic Fabulous Tab ✨
pgdfklcflknlgdjaaelmnegcfkhoiopi,pgdfklcflknlgdjaaelmnegcfkhoiopi,SAML DevTools extension
nbfnnejhijoedkcdfghanlcekleahphh,nbfnnejhijoedkcdfghanlcekleahphh,Gendersprache korrigieren
fnkohfnhjgiepdkecjabmlpfgbgjidji,fnkohfnhjgiepdkecjabmlpfgbgjidji,Skia Buildbot Monitor
ehjkaidpgimmpcpllfmcdnlfdjffogcp,ehjkaidpgimmpcpllfmcdnlfdjffogcp,quote president unquote
eapcahpeapnknojnndbomagicopopiic,eapcahpeapnknojnndbomagicopopiic,Spotify Launcher
aklfgleddjhndofilfinfnlkkondcdke,aklfgleddjhndofilfinfnlkkondcdke,Intercom Gmail Integration
dkhleleeagmdkdfcknkdjnmbnlknniaf,dkhleleeagmdkdfcknkdjnmbnlknniaf,Rapid Donor
glmniimhlmbfbciijmgppnoodahdhdil,glmniimhlmbfbciijmgppnoodahdhdil,Make Do with zhihu 2
pehpbiaaihdhfpcmkajanemdioaenjjf,pehpbiaaihdhfpcmkajanemdioaenjjf,AEM Forms shortcuts extension
ajajocakkdflkbnfmmpcmdefmfbiipfo,ajajocakkdflkbnfmmpcmdefmfbiipfo,Oodalicious
kkaapbjemjdephhmgogljcgadcbkpjmp,kkaapbjemjdephhmgogljcgadcbkpjmp,New Tab Redux
dckeccolfaoocphknhelfpdhbjikcpnl,dckeccolfaoocphknhelfpdhbjikcpnl,Tuding screensharing
mpnokdijeinfkpddhdmkfghedpmbkbok,mpnokdijeinfkpddhdmkfghedpmbkbok,Cloud Save
kcbhhbgkmcjefhnnofdjaemfncaclfbc,kcbhhbgkmcjefhnnofdjaemfncaclfbc,PulsRadio.com Trance
nmhkeeibpnhkkpffeihfnfngnhblbdck,nmhkeeibpnhkkpffeihfnfngnhblbdck,SOAP2DAYHD
pgddhpmoaandkenceenoaahipgjefkbo,pgddhpmoaandkenceenoaahipgjefkbo,infomax-stock
gjhomgniaideemmkianiahiffejoiiof,gjhomgniaideemmkianiahiffejoiiof,Btools
jhblcjicpdjbeinhjbmfjnijncbklclh,jhblcjicpdjbeinhjbmfjnijncbklclh,Noteletter
kjmdkeknjohejfgheakglacbddbdibal,kjmdkeknjohejfgheakglacbddbdibal,Unicart
gmphmnmdmcdlejpeldlpnkhifppmanca,gmphmnmdmcdlejpeldlpnkhifppmanca,SNAILPLAY
cgjhiddkdoogbpnlkdddodcckhdodfep,cgjhiddkdoogbpnlkdddodcckhdodfep,閲覧履歴ポップアップ検索
dfinmoanpfepmadmnihefempeefdekhi,dfinmoanpfepmadmnihefempeefdekhi,Kick me off
hgdmkcdlldldkeahjgjejcjhkmidnbfm,hgdmkcdlldldkeahjgjejcjhkmidnbfm,Twitter Censor
ccfjahpenjnbdmbeonmmclmlhkbomfpa,ccfjahpenjnbdmbeonmmclmlhkbomfpa,Aba smart downloader
ooabifbpgfdknniocnhehofgikafncpd,ooabifbpgfdknniocnhehofgikafncpd,Dev Labs Reactions
lkaognfoomlccfpcakpdjnoelbajpjdn,lkaognfoomlccfpcakpdjnoelbajpjdn,Shoot & Share Auto-Favorite
nkdlgjklfeekokeeidfelpdhkpbonhho,nkdlgjklfeekokeeidfelpdhkpbonhho,Whats The Expression
hhhnlfjjgehegpojcilpebhmldcjgjjg,hhhnlfjjgehegpojcilpebhmldcjgjjg,Easy SEO
noklhnibgehjafjdilhgfpiamldpbokc,noklhnibgehjafjdilhgfpiamldpbokc,QQ邮箱邮件提醒
fjlknokoibojegcomobdlanajbkcdhkc,fjlknokoibojegcomobdlanajbkcdhkc,TrustNews
ipjlpmanhledaljkolefpbcmodkhhpik,ipjlpmanhledaljkolefpbcmodkhhpik,santango
dpnlficaljgoljhpoomkhfnodjnbcklm,dpnlficaljgoljhpoomkhfnodjnbcklm,FinnPluss - Ekstra funksjoner til finn.no
jpgpiholfjpfipncecfighenamognnoo,jpgpiholfjpfipncecfighenamognnoo,Tab Manager