mv2_id,matched_by,dataset_name,dataset_version
eojgfgeapephofifpjgapdlaopfdhceh,id,Fusion Legacy,3.57.7.30
cailnmbnfboealffnempgplnfcjoibgb,id,Easync Product ID Grab Tool for Drop Shipping,2.29.62
pepgdkiflaefcmpogbpjpckbbddbjamc,id,name,1.0.4
bopjkonidcollbknincfmlkfdoghecfn,id,Leonardo: Size Fitting for Apparel & Clothing,4.0
feogkkanenodggcgllennnngpgnfphlp,id,"香港查書易[圖書館,商店,大學]",5.5.2
aehpjkiilcojfhnoanlmmkchnpkkdkoa,id,Offline CodeIgniter,1.0.0
lnobpejklocjncnjkdeigjpbeekhbdmp,id,ThingamaTABS,1.0
khhhgiocpaeaepoedjkcmhhaaoibnncg,id,Password Generator,4.1.1
nemkjcfofmjconpdgiggibcaogabfpgf,id,SPG - Strong Password Generator,2.1
fmlnkfjpadhcjoiphjhpfjbjmoicinnl,id,Bookmark Visualizer,2.2
pkegppdghlabdnaicfoildjnppdabcaf,id,Repeater,1.1
polcbnennmbhbdoafiicjgccofalcncl,id,Hydrawallet,0.0.10
gnbahblccifcgnfejjijlmjcidfookfh,id,Backstairs Game House,1.0.1
kbeolfhnclacoappfhlcnlngdonhhmjb,id,Lavaca Developer Tools,0.0.5
mbhjhgephgpmihkcjiaojpegafajjhbc,id,洪水・高潮リスク情報埋め込み　KeepDry,0.0.0.2
oeghpabljpekdmnkijjiambadiobfoog,id,FGC Lite,1.4.8
lgipjbhnmcbiihnhagpeimpcfflffnei,id,Kramerly,1.0.0
pjjjidoojlblojfbndkpoegiabbopgko,id,Orderly,0.0.6
dhabdofcfmbcogjdnlnjnodicfmaaiej,id,QPocket,1.7.0
hfaokbpplplaeglmcpmjacghbnidjnll,id,Twitter Filter,0.1.4
nffionklkilbohdkhcmkbbkofhkbmggl,id,Highlight,1.6.59
ijfgijeflpaieoejkdilchchpjmemnop,id,Vocabera,1.4.0
ilemdnkedjecplfcbaopicpcdkiafehd,id,新浪微博时区助手 Timezone Helper for Weibo.com,0.5
bmihblnpomgpjkfddepdpdafhhepdbek,id,Minimalist for Everything,0.8.0
ijcdfmompeadkoencdidemcajjibpodi,id,FejoaAuth,0.1.4
lcjncibgcgiphbnnalcpagcmigkejolg,id,ShardEx,0.1.6
ddfggnpadelhnkhiimnmfaappkbjnaan,id,Turbo Chrome - Navegue mais rápido!,1.0
hlkdlngpijhdkbdlhmgeemffaoacjagg,id,Readersourcing 2.0: RS_Rate,1.0.14
dmcddloohffhmjngiieikfifpfneadcc,id,ContentStudio - Social Media Scheduler,0.3.11
ahgphjdpjnihnngeooabdkfjmpikicfe,id,Jamo Automator,1.0.5
lblnjnhnjofhbebdbodbnodcmacimmig,id,name,2.0.0
llinjdlelnciefmjflikdndckffeohho,id,Box for tabs,0.9.2
lncgjbhijecjdbdgeigfodmiimpmlelg,id,MoodiModo,2.10.212
mapdbndfkjcaakdahokfikojbamjeleg,id,蝦皮賣家黑精靈,1.1.4
eldofalegbgagpenjjcapjaogpioldoh,id,"Omni - tabs, history and bookmarks by Tefter",1.16.0
omcoeajdllefbpjjgckklicaoejmenpo,id,name,1.0.0
ahbkhnpmoamidjgbneafjipbmdfpefad,id,"Web Boost - Wait Less, Browse Faster!",3.2.4
pfmeokkodfbbeckenogobokoaiahclmp,id,MeetInOne Extension for Google Meet,0.1.7
pijbfagaiehhimnmncinmaipcdofdife,id,"VocaDict - Search Once, Remember Forever",1.0.5
pmbneijlaelofljmnanpijjignkpphdb,id,PlayGround,0.0.1
hhdfadlgplkpapjfehnjhcebebgmibcb,id,CanJS DevTools,0.0.42
kihgnmoaccmngafihnnaanaijigdbpje,id,Appian Dev Tools,0.0.7
igkpinhkgghcbpmhokkfgjecjndmahle,id,Double Trans,1.1.4
ejeemacpidnaejkhpbmfkadhgjhnolaa,id,ezDeFi,0.10.1.11
bajjchkpcbnbkohnbpibbjpknhmgkaea,id,Platar,0.21
aciombdipochlnkbpcbgdpjffcfdbggi,id,LeetHub,1.1.2
opaaebjcdackobeememacleffoeeoeab,id,Weibo Photo Eraser,1.0.4
kejpieenjdmhilfbpenbnkhbbpebolcm,id,Watchspot Chrome,1.2
bpbhmfceiejjljhfgjljbphjigfhpfhp,id,June,1.0
fkakkjpjfopppnjdincnpjfplbppemgf,id,In The Zone - Productive Club,3.2.0
kkmnfnhgmonbmclnglechgmhmbagbeod,id,name,1.7.1
pkkpegdebnkpoebickedmidaoccnggop,id,DeepAli - DeepLink Generator for AliExpress™,1.0.9
njcdamklngbnemefldmceiageibgimej,id,Teyz+,2.0
plpmkifleemfflmlnogdncmhlljcpdab,id,Gist User Script Manager,0.0.2.0
ccdjnhaifeigaidilnnajickpbjhbfom,id,Covfefe,0.0.20
gkiemgpihainopbepilmjgmolgdlmlih,id,Tlushim automation,1.1.2
ehlmnfeohfahemdjnakciaheggkojchf,id,smarterPod: Simple and Smart Podcast Player,0.3.0.2
kcigpjcafekokoclamfendmaapcljead,id,name,0.5.52
cfglmodjliapdobeapbooankcgpfjilo,id,Audio Recorder,1.0
jfeiiafdlajdfijkagdncomkjjpadogg,id,CloudCall Unified Communications for CRM,1.39.38
glpfleenmokbmipegdndleabhkecpbpb,id,DC Metro Tracker,0.1
hpldipaffllkdffkafhciceccllpjfio,id,Nicky,0.0.13
kjedcndgienemldgjpjjnhjdhfoaocfa,id,name,0.2.22
abejmemejiomdhoncldkhoplbejegcdj,id,Chrome To Device,0.2
acpngnlieelljdlljmenkagbonaicccj,id,Salesforce Assistant,3.1
ajbkmemmmikmjdolalkopjlknpppelna,id,TELUS Business Connect for Microsoft 365,22.2.32
hcjikbpijaceikdljnihpabapfhbljbc,id,Cat Solitaire,1.0
ikokpidinegfhekkeggcipdgedjcmhbn,id,Nuke Your Tracks,1.4.5
kknnkgpbclaljhfcknhbebhppmkmoaml,id,Better Network Panel,1.0.1
klcebgbenilebgdklmbcnigjbkemefae,id,command-t,0.4.0
jgpinphefjcmfggnoifpnjbnafgpngii,id,Teddy Quick,5.0.0
dfcaecaaioadepfnbfojpbecgbblchck,id,Teddy 360,5.0.0
oacbaceaekfkgeegdfknnhnjdghaokpa,id,name,2.2.2
bdcdflbhhjjgojppmbmelpmoiigjdfea,id,WaterMe,1.0
djhgeeodemlfdpmcccdekfalbhllcoim,id,Wildfire,1.3.10
hdcembegmncelgojjajbnmobnggcpohp,id,TinyOGPViewer,0.0.3
iikkhhephegllllcnomgkljnopchadlg,id,wekey,0.1.2
mkkmhjmfehngglkkfmohlcbpfcmmgmli,id,Codeigniter 2.2 User Guide,1.1
pcdmjenfjbffehpfmmdbkbdbgllpnmac,id,In-stock Alerts (Beta),0.2.9
daipfiebidbfocdfeejadlhdblnpkijp,id,Codeigniter 2 User Guide,1.2
mgkgaomagbigcdhlndkkgbckklijebck,id,Brightery Mega Marketing,2.2.32.0
mclnpalkmbiijhhflmfimabcplbleiek,id,Solanatip,1.2.2
cedbfmmoegngdjjocfgjghmelhighhoj,id,Brightery Marketing Tool,2.4.30.0
jbefgikenffmboadpoonhoflhhobaddi,id,Quicker Search,1.2.0
onlpodkdakgonlmodbgapcbigpcimokd,id,Information Visualization of Browser History,1.0
ejdmejhddfennlaoejkdkkfcjpphkgbh,id,Github Hoverscope,0.0.1
iicfnlamfplmedkcclckhabcocdeoiem,id,Tackle | Todo List,0.4.1
dbhlmjpfacmmmplcebbhgbofbckhmpbj,id,code runner,0.0.3
fmefgpanakkdpnpgndlghandaogdmolh,id,实时行情助手火币版 - 实时查看代币涨跌幅,1.0.0
aafngnikhakpmjogfggmoepdompchbaj,id,Crypto follow,1.1.1
pigddkfphpigmofokfkmdboepfpamcpg,id,Cool Bookmarks,0.7.0
infldmplfbcgmnkofkblcecalhmhhpoo,id,ES5 Maker,1.0
lbpfbhjnkonmpehkeaekgmaakllagoig,id,Vk Promo,1.0.0
okiodagpdhmlhpikmbohgelnmngkhfhm,id,Fast Reader,1.1
mjgncfhmmghfnknbjnobnoncgdnkmfdl,id,不要通知我,0.0.1
hdifgbfigiaodbadkllaifangdkahbnf,id,TomatoSniper,1.2
bihmalipgnlomidlpekdnoohiejppfmo,id,name,0.3.6
mllepbaihhdfmhkckeikbgloohdemiel,id,Brightery Notes,1.1.20.0
bocpokimicclpaiekenaeelehdjllofo,id,name,6.2.12
gghaldlmgjedmnbjaimplpdpmpnbbkdc,id,Firebase Auth in Chrome Extension Sample,0.1
gepdagceemkbdpemojpkmkfjgjoolbih,id,ポタール,1.0
hpjkfiiemehbibpcjdphaegbmpmmclio,id,BLEWE,0.0.0.2
inbmjjcbllmfgfldkikphibhibfdflpg,id,Estimated 1RM Calculator (function),0.0.0.1
fbagflbihndaemmafpongfoodofccelk,id,Datawrap,0.0.1
hckndkmfhfpjdnagcgdahfipkhhahbfk,id,New Tab No Shortcuts,1.1
dcdpfikdjpbiedlpjmilffmcafdkeefo,id,Global Stike,1.0.1
ifmndoceaimjdldhonoemgcfmajmaece,id,Tabula Rasa,1.0
hmjpilpldjemggonimmlmdgodjfagdha,id,Send SMS from Google Sheet,8.0
hnejidnimhkojnlcpnalhkiaeglekfpb,id,Gerador de CPF/CNPJ,1.0
ahhlohmpnoijnmmmhbfhcikhamlmddge,id,PIZZARIA Integrale,1.0
adefdmakjkipmcdhhjioonklhibedbnb,id,A Few Good Plumbers,0.2
neahgdkklbjeknmflgaalblilcpemnbn,id,What did you say?,1.0
mfnholkoeiglefjijcpglkaokbbcmmjh,id,Todays List,1.3.8
mfcdemgaamnbhepgchbkfknjihipeaok,id,Tecnohoy Venezuela,0.1
gddeflcjbdbjkdiangjomeipefggkkjp,id,SyncThemCalendars,1.0.1
ibfjpljbfogikabdnjdakndogpijclfl,id,SkySplore Search Engine,1.0
cnoilbmemfeapgjmnapebinkaalcklhc,id,CleanThis,0.0.0.1
lejlgjjafppinjlakafniodhgephmdjm,id,Slotsspot: theme for browser Chrome,1.0
hfdbipneeabcabelaenmohodcoebecbh,id,allround-login,1.0.0
kifaajkcdjbllaenikdeonaoogokdnkj,id,Goals Tracker,1.0
beafekehjfhnkpnnjegadfdncaipnljp,id,Blank New Tab,0.0.2
kfmipdkhkipnbnkachdoompjdccincka,id,AppEncuestas,3
aolpllohefigfbolmlljgabdklhclmed,id,Casino Bonus Tips,0.0.0.1
hdncbeemmadlkelehboocphbgnpagmgk,id,Countdown to Christmas Day,1.0.0
iioppbmpjbnhibffkjnhdfbhgeinhajp,id,Placeholder - Test,0.0.1
alobgnedpnalbocldljnakbbaemakhih,id,Background Process,1.0.1
hamfoggcnnfobbebinbncnmfdmggpnpi,id,Firebase Auth in Chrome Extension Sample,0.1
egfgboclmgbokjeenpnghneoaogefnjn,id,Добавьте Mail.Ru как домашнюю страницу,1.0.9
nfkcmdcjnelhmnaippjpmbameoaploik,id,New Tab G,1.0.0
mpbpdcpeikacccllagahjmpbjnmokdio,id,Out Of Office Jobs,0.0.0.5
mlfindgceobkgfbhplhfhbbchidbahlc,id,Shortcut disabler,1.1
dojdgmidjgpcdnjapkdmlhnpmjhmjpek,id,Extra Characters,0.0.0.1
nckhidananljbcgagfghgaoapipcccld,id,getflynews,1.0
djjofcdlbjjnompdjgbjhcpfnandihma,id,Loadedcamp Media,0.0.1
hjelkdklicbcnhgmdmblkdkngdabagka,id,ReadyBetWin,1.0
fndkdcolhkoknoogpknccehcijjajhbl,id,Qr Code B2S,3.0.0.0
lgjbfimgneimeblalpmjfkbbdbofbaee,id,BTW CONSULTING,0.0.0.1
daogagpcddppgeimapemgcjleoobjnhl,id,Runnr,0.1
dljlhdkgmjngeflikfehgillhhemfabf,id,Test by test4,1.0.0
cklgeffpoohhoafccpcakkjhjbfbkonf,id,Movavi Photo Manager,2.1.
mdkkobegdfokienflcejbndhhfdkloip,id,Disabled,0.0.4
bnpcmbgfendbhpnhgijgpoidfoaepijn,id,about꞉black - empty new tab page,127.0.0.1
kkmecmkgpmkgboedldmhkncamgijfgae,id,intentsearch.com,1.3
khcckabdlmjakfekojdaaafmgbdplbho,id,Firebase Auth in Chrome Extension Sample,0.1
kpchogkdhehmdadcdkhkaedgfmmfmgcp,id,askfalcon.com,1.2
bggjffofngkkcobelajpdmhkdplmknij,id,eTender Online,1.2
kdemcokjjfaicafjbnkakkhnhcapkgpi,id,Txtik,1.0
bicpoehcaaolpcjkfgcglbgaobngoklj,id,Movavi Video Editor 2020,2.2.
lajockdmbokkakgneddbmnegocmhjnfe,id,Valise Cabine,1.1
apobnccldjdikfkicadljfpoppamdaej,id,シンクロチューブ,1.0.12.3456
jbhdbhilgoeiceddhlhkjbliicomledo,id,The Copy Me,0.1
epanaihaphckffldcbncakdhmdnncipp,id,Packagist.org search engine,1.0
jjhpnedblehpblcgcbmdgfmbidlolidp,id,Wikipedia Bookmark,4.160.0
fankehoapmoiglhbmkinphhamoflkepm,id,name,0.0.5
hehmkjmjappgeijgebepcnnckihfjbol,id,name,1.0.0
gobfdnaljahpbkllnmlppoknlafpmhle,id,Тест на профориентацию,2.4
bbpejoghnefmabdhiajaklcjgcnnaggf,id,SPACER #1,1.0
ngbhkkhhaiincmjpdjigbblppaaajild,id,My Extension,4.0
aciclpjlpekbhcmgihchmcgknanmaoph,id,Movavi Slideshow Maker 6.6.1,6.6.1
nmbnhilckoofgdfnelmheooliinmlifj,id,Coinup Search,1.0.0
ejhgalhdfmeibhapjmiikcplpmpbplbi,id,Chart Normalizer,1.0.0
nenecpikdapoaemacjppaimlcgknbijk,id,New Tab Page - Blank,0.11
eecedcnoilljhbpblfpceoakfipemlgg,id,BitCro Search,1.0.1
nojmnfodcoklhjclgciggaamocndpdcf,id,Casinoupplevelse,1.0
echeiocnbggcacegkopjcllmaglbocni,id,Стартовая и поиск Hi.Ru,0.1
mpdnfipdheghphpokbdkmfjmcchladob,id,AMCWebApp,1.1
mjdmjlhioneibalagldhfojpfdemfkol,id,Firebase Auth in Chrome Extension Sample,0.1
naeikeaijadglagidpmobhglbijldkon,id,Test by test3,1.0.0
gnniolcpbmhlnhkokjnfflkokopfbeej,id,Firebase Auth in Chrome Extension Sample,0.1
iicafmjknbkiecflpbkcehjeeogcmebm,id,OceanGo,1.0
ejnokdomlkkeehonbbhhipcgflfnfmjj,id,Firebase Auth in Chrome Extension Sample,0.1
oabadpafmnneengelghgehkolmbjhapd,id,Black Blank Tab Page,1.0.0
dkecnhppjinmpjfjknhnlikcdififfib,id,InfoTermi,1.1.0
llcdellnofncikmhimjdbkdjgpmcjbik,id,Internet-Start,0.0.8
gbglabnehkahafeamgmdpclnlokfeleo,id,Firebase Auth in Chrome Extension Sample,0.1
lpcodabcenlonjgeppphcbdndimajkll,id,a(8) Functions,1.0.1
dellekainoemhmpbgkeccmhbcbjdmnof,id,Fastreel by Movavi | Online Video Editor,1.3
ibffbiehhogaofodagcjemlnhillngef,id,The Client Relations Factory,1.0
foacncohljmemhleechnbefponpfhhlk,id,DocuVantage OnDemand Gmail Connector,1.0.0.5
mbhhddobkekofnlcknoejdfncaaokfpe,id,Uzvy Default Search,1.1
damjadkohjjomfcnmankcicpfkpjgngj,id,Nash OS - Chapter 1: What is Nash OS?,1
hophbkbebopoaeknkhhjeinjapfheipb,id,BiddingBox,0.0.0.1
enkmbkhkbdiaafkmofbmdahclajelgfh,id,Slang - Text to Speech,0.4
jbfpdlbnjhakilnpcpoohihbnekhefni,id,Firebase Auth in Chrome Extension Sample,0.1
clbpbkbbpcfpnlipmepabjgolofeiapc,id,Прием катализаторов,3.1
fjdnbfpmonlaapmkboaihnaecphjjakd,id,Streak Tracker,1.6.2
chjhhdnbbibdmndmojlookanlnhgpmib,id,gas - gtm Tool,2.01
ocjgaenlmmpnfecnkbaolbmlngbndadl,id,COVID19 Statistics on New Tab ,1.1
blongihdblkaimjaegfbgldfhmaoaijh,id,Arasak.com,1.0.0
feoglbjbbfkbjdgaakpmlnfacalifogo,id,Data Cleansing,0.0.1
kjolhkobappbfckiffblckgbcpmjhgle,id,So Chase Me,0.0.0.1
kmihnjbpmejdbhoejnhlghdmafigpkde,id,Скупка автомобильных катализаторов,3.1
oghbllifgbpcdbacckgcdliajfigpgdj,id,Pillar Custom Functions,0.0.0.2
oeklnnfkcocddkclmfidcpnmlfalfoaf,id,SearchOns.com,1.2
ledpaehpcpagpfagafnmdjededjcdccl,id,Watermark.ws: Batch Watermark Photos & Videos,1.0.0.2
joinaaghlnhpnjndhaligndplepkeplh,id,Atelier Anke Jacob,1.0.4
aaolnahdffcmdekhjkcfohifaddjgaab,id,Be Wise Professor,0.0.0.1
enkjnfoecgdifjldcgfaefkmmiijafcj,id,Torch Search,1.0.678.1
aifbiiecomigjplnhbbckbganfjoepih,id,ZEITGEBER,1.0.0.0
facejajjlnebleoifcddoaamgobgolep,id,Gardener Bot,1.4
eoganejlkdmbhdbjhbgokaeahlelgchb,id,CryptoKit.CEBPS Extension,3.4.0.1
bkbmdefjknhilmlndacieaeolnaopoil,id,sc10n bookmarklet,0.1.1
jpncbnjckjaiceimhbhbngdfhlclohmi,id,TopGrading - JobVite Plugin,1.0
accooefbcciiabgoccfbgflnggebpolj,id,Nicely.cc,1.0
ialkmibeimkjhjhpcgjompomgfpkjkbf,id,Think Help Desk,0.0.0.1
pgpiahgokloaacapmeniaoecjofimhik,id,Disposable Mailbox,1.0
kaippllfihpjicemabbbcljbmcpccabl,id,name,2.0
nfcpohaemlagcaphfbpckhgabfmcogdg,id,NCTU Dark E3,1.0.1
pcbhmgpbpakkpakdkcnlllglehjdafgm,id,YMusic Play,0.9.6
bgifkjhgidddmlkdneihkhkhbleaalhe,id,DeRocket Star,1.1.3
cdmadbfkfhdfajeffngekpdhpkaccdjl,id,Whac-a-Mole,1.0
mfdldalpkidgnbelciicnadolplfjglc,id,Tabby Face,0.1
ifkkmomkjknligelmlcnakclabgohafe,id,mdjs-viewer,0.0.4
ahdjlojehkghapogdbmlhbkdhgiibmgp,id,Mitt Romney's Nephew,1.0
ifjnfhigmpbckdhicelpjfebifbllghl,id,Punkass Kids!! Get Off My Browser,0.0.1
lopmajkgacnindgnempebngemofhgabe,id,Gifaster,0.3.0
mnbcgpppofgjgpgeppkajimgneblhkej,id,AvJuicy Plugin,1.0.4
igbinoolkgjknlmolmkamicnlbgpmfal,id,Numerology Score Calculator,1.1
dehciepphlfhckobibioclegnaeabomn,id,PwGen,1.1.0.0
depjhpnaigmekidgjbfhpibgdoifnnia,id,name,2.1
bjpibnbhmpgnidoomlohpolhddbjkogi,id,YouTube Dislike and IMDb forum restorer,1.17
nophjkfldgflogmajalegdmlnocpefej,id,CompfloUploader,1.0.0
bfnogpojbciodfacjgijfmcbhailehon,id,Full-Window Player for YouTube,1.0
ofihldbgiamocahfajcndceojpeiomph,id,Roblox Dark Mode [BETA],0.1.2.3
pmikfcgcidlfejghpdiimabdponnkdap,id,ImproveGistPager,0.0.1
fagmfkolmknblpackhiildiemhmfnomn,id,Da DaBaby Game,420.6.9.5
bdeifmcaonlafkglbdpbbhkeecjnkipo,id,Quick Tab,5.3.1
gmpjpbggancfjbfkhfjnkdfnjpgdjakp,id,Screenshot Capture,3.7
gojjjlbagdfgifdkfbibefpenhijgohn,id,The Joe Rogan Experience Productivity Podcast,0.4
iopmnhbknkmphkbknlnlknidkebohbok,id,Alpaka.express для веб-мастеров,1.8
jgjgpmcglhianaajaoapdpnncibojcde,id,KURT Seguros,4.1.1
mjgiimfdgnpbgkepacffhdpjbbfmcgnp,id,LeadDesk Talk,24.47
,none,,
aifenklabmgceeenmjlbddmkjcdcdgmk,id,Login to Community (quickly) for Salesforce,1.0.0
kjjoiphdehcmidldefagjjmfoaekpcem,id,Keepclubbing Chrome extension,1.2.1
pojgemmobcnjmnpodjmgeofdgojpkepn,id,Tabmaster,1.88
iokgnekppainfgbhhiiifdkiopbemgbe,id,THE PAINTLY,1.0.25
ldoeenjcjpiblnboiiabpjepjaggmnnj,id,CFCA CryptoKit.CFCAVerifySign Extension,3.4.0.2
jacnnngadopfpeakknckjeaofjbackla,id,Florida Man Trump,1.0
fjgpoiddemihjdoelljaoofdddfjcbbb,id,«Фабрика объявлений»,1.0.16
fjhedplbmdcpabnhmnehcnbkpmiahbnn,id,My Merrys,2.5.1
hafejdjagmngcemaehbepdflkmmcmjbi,id,Test the Rest!,0.22.1
jhoigcpcdifaenahgkhneleghbgggfol,id,Best Google SEO Helper,1.2
ndagckgpgoaokcfcjaicpfhhfllnphcc,id,Betting Calculator,2.9.7
pkcdaefdcghajgfknjecikjpkofokpoo,id,BinHexr,2.0
gcehpamkbfklnpenhmhnfifnjobcjbof,id,RD1,1.5
pcdpmeeakgehfnimhbgfpcgcmhmglajd,id,Avionte Echo,1.20.0801
hmgkabfobgejcmkpnjljgmloodfeglkh,id,Jitsi Partage d'écran DRDJSCS BFC,1.0
ceffggnbklpcmbifhcfmdikhnceloaoa,id,Imieniny. Życzenia na każdą okazję.,0.0.3
henpbbkhicaifjpcdhbpjpnmbkbmjlji,id,BDWMBBS-BLOCKER(北大未名BBS屏蔽插件),1.1
pifjalnieoaadopofhgglhpmmlpkkaph,id,Dịch Vụ Thiết Kế Website Giá Rẻ WebsiteViet,0.0.1
nfpiogepejcbnbhbaobgkepnkgjjkopg,id,Keep Colorado Green Facebook Banking,1.1
pgdgcfbmpimnnafmejbbgodlijodgppk,id,Github Code Review,1.0.0
koglokeamlegaaidhjnjdbifcpnkoafg,id,Warn Me,1.0
hkghpkjcafoglnidofgamhaaebaandab,id,7 segment clock,0.0.2
kmgjgnkielgdbpodeihfkdonficehajm,id,Make Kanban boards more scanable,1.3
ibegoepejbbhepngfhhfcopelpjognfj,id,Quick access to Translator,3.1.3
lcalcdgchnacjfbafnhgbobnigiplfla,id,iidxsdgvtdatasync27,3.0.0
fffnglbfcamgmedlmhijogaefjjajgdh,id,CFCA CryptoKit.ThBigData Extension,3.4.0.1
jpdfbendalpmcbdekkmldlkcklpcafma,id,cookie快速模拟,1.4
kbmdekffinpekjapcpgchgpkfokklaaj,id,Smart Calc,1.0
oenckcbmncobhdpimgdkiagaoncplnlh,id,CFCA CertEnrollment.NCB Extension,3.2.0.5
ogingjbcbhpcjaohkjjdkjcpofcpgjcb,id,HiTravel PC版安全插件,1.0.0
gknefgbhjgfjflkdpemekfkiplahiffh,id,Right-click to search Slate - by Lloyd,0.2.0
kmlccnfningikbpkanojlhoafkogcple,id,Trilliant - Product Reviews with Pictures,1.0.17
ghebgnnmpfdkgbheohjkblacfomgddlk,id,Audio Web,1.0.0
femngnbabpfmcdbghieemklfobfppelm,id,name,1.0
ilfiblbgfdmfpbmofapdekpefnaghjhm,id,Glitch App to Project,0.5
pflpjejednobneaddmdgbdjlebbfcnme,id,CommenTab,0.1.1
ahlldljeehledjbbpfeklndmlkinhmfg,id,Tocando agora (beta),1.7.21
pcmjajnnppnjdbdfhdbfkkdeemkojoea,id,TIL - Learn something new in every tab,1.1.1
hpbkjipjgfidmnjencfiglnonogomjjk,id,Hottours CRM,0.13
aigpmdbobjhlndfippahifgfflpbihol,id,CFCA CertEnrollment.NBCB Extension,3.2.0.1
hofmpelpnhbndkgdbkcfpgcboafmeimm,id,English Words 300+,1.0.1
odncajgipbahnjohekaecljhncikpphg,id,"Ted Cruz, A Oil Liker",1.0
enoefonmnokjconjjeknncmfghbidokn,id,Facebook is a trap!,0.1.2
ejiigemgllfgaaandolnapdilkgohkhg,id,MediaSession Provider,0.0.8
dmbpihmdkiieiknjnlgebnacmleljcao,id,name,2.1.2
ikdncbjpcpkheefmnbicggciklkeebmp,id,name,0.11.1
blffempcgaeljaklacfjmmlfdogjlokc,id,Mapsy,0.0.1
nlafhefelnfmdpkkhhcckfhnphjcgepm,id,CADLAB.io,1.6.8
geankogmajhnilbpalffpdjmihpgpidm,id,賽考利克泰雅語翻譯,1.0.1
oljpfipfiljocopmadffodjgkgaiflnl,id,South Schedule,2.64
mbgjmmmhonnpfcflohnpogdfafelogkj,id,Only move,1.0.0
kaiojiaeggiemoiloakcinkmacbinhpn,id,Touremind,1.1.1
gidimbkiadpbkmmikbibpgicnaomlaki,id,SWATHub Recorder,1.0.0
gefeigehjihcjggahiaoolclhjmjalem,id,Univerzalni Kreditni Kalkulator,1.0
ojbbeapndipcgcjgmlelgbgmmalhjkef,id,Reload CSS,1
eeinlddplcljmdnfbghaamjhbgolnbni,id,urlcmd,0.5.2
bnijoafeafpofcpbjjfjjdlcdjcbdcha,id,TP Weather,2.1.7.1
imgbocgcbdkmlgdpikobfbjbafmglkna,id,Clappify,1.1
hlnkkdmdogppoeaiimhmaknginnaiekk,id,Diary@AllChk,2.3.2
mkkpiilehhnnpejckdbgojffiokmpgll,id,name,0.0.6.0
fbnekmnkdmedpngpocbpflpooaaifgld,id,Home Cosmetica - Latest News Update,1.5
fhabibjdfmnjlaiakgbanklplkjmmggf,id,Afstand berekenen,1.0
niiapeibeibgagkbjbicpcljemedehcf,id,name,1.5.22.214
fahoaamoeaejjidplpjhgmaggphgnaig,id,Social Media Stopwatch,1.0.0
fpkmelcdofeiaphpgkieekcjfkhaefhd,id,Kastio Video Conference ScreenShare,2.1
jgblhicihgjeejhdoaicnlopphaemljg,id,Style's Got Mike,1.1
lbaccocfalidoaeacbpabonnljdndmdd,id,google-slides-asciinema,1.0
bihpdkmfmmdknkkopbhnpjokokkclljo,id,Dipshit Donnie,0.1
njbfaheigbbclolaldanegadccanoeie,id,Fzuck,0.1
jedihonaeieooafokpcppkcmnohebkcf,id,Tasks,1.3.1
jgcegcgnjjdcgkgnoknlgmeppkolnpnn,id,Google Search Console SEO Enhancer,0.0.0.1
bcjedefndololfejliabdmkpokchohjj,id,OlyScraper,1.0
eagkdnagekcenaohadjogdhchkjmiigc,id,wino,1.4
kbhhfmpihkhcjfbhbbmfppjmgcpbknpd,id,Find+,1.0.1
dinnaiplmaghbclpgcpdkkmmfjojkpdd,id,OneFeed,0.0.5
innoeeijgleieecngfliphpjchmcobok,id,Autoreloader: Reload tab on file change (Win),0.0.3
cidecomhfkghnpihclahfmhkokjheeae,id,nottin,0.0.0.1
cjcdeemjgiiamlnpicppijijkblmjenf,id,4BOSELL HELPER,0.0.2
lhejchgbhhpcchfgefcpicimooaoknah,id,Hinfly,1.1
ioeogpblhkcbghoggbnofoclgmpcphfl,id,WicketSource,1.2.0
cplaojjbmcfellgmhnlhafpepgneppco,id,#60SECONDRESISTANCE,1.1
fphcengkpcbdanedfdikjmiaconjplfa,id,Odete,1.0.1
iflbpgbpdcndgcgloeoapnjjpachienk,id,GloScreenTags,1.1
polajedphjkpjbfljoabmcejpcckeked,id,IHeader,1.2.0
fklkcabjalknbaagihhjefkamceknpjb,id,Geography,1.1
iafokpfgiamakfndnfmchmifcilpjdic,id,CleanFeed,2
chnlnjolhpiffmaocnibnlihajhidall,id,Popup Hatebu Comment,0.1.0
nfmfcnagoagoekaacibigplggpjjilkl,id,Younext,0.2
mbnnkngekhjnnkhlppmmnlbdimmmmkco,id,jdd_ik3cloud,1.0.2
mhfpeolfjhoceminlfimoeldmhcfonjb,id,Aiwozo,3.0
kgehmjbmfcgkinnpfjahplekclnhkinn,id,Bitrise build status indicator,1.0
dmibdpelikjbipnkkbdibfhnokonnced,id,Elaborata Desktop Streamer,0.2.4
gagdmecgejccfkondcmplaehbigfidea,id,Report-Sample-Injector,1.2
jkieobknaakldldpggighimbobfbblnb,id,Airbnb Zoning Cross-Reference Extension,1.0.0
fkmnanhlngmildmikibdbgfobodglmkl,id,GauchoMap,1.1
jicihkkmemenopnnnaehnhgojaacchln,id,Indians.com FanMail Extension,2.1.15
bjdfpdlbeklikgponpiohccngpibjfeb,id,name,6.0.0.5
opanbafokclondcmffamoohbgekeamio,id,Firefly,1.0
ojnfanikhkhoklphdcehbolcpeipbaec,id,Hyperlink Text Selector,1.3
gminfkdpejmfkjnelbapfofhkpkomcap,id,Калькулятор,1.1.11
khggcdodkdgkcegonkhdflkhipdiddcd,id,The Element Cycles,0.0.0.1
elmhamdkjmleopdpjjmoccmiepjeghio,id,HoloPlayer for Facebook,1.1
lpkdnfkjhdkcpimadpdcgapffceacjem,id,Reload All Tabs,1.5.5.3
ppkijiiclgdligambidmbnonkphgpolk,id,Theken Texte,0.87
aglmjcobpaikhghnfnioeipbddcgpmad,id,Tabliner,0.0.3
ggkbdnjmnmajplbjcjmgodpkhllgbpok,id,MeetBot,1.2
dgijfjlkpebfndfahbppcpglcijomilc,id,name,0.0.3
bjdcnkfmdpodbhichbdopobifcmgblad,id,My Zmanim Monsey,1.0
gbmkcadekkjnbgfedolmjpojcnkllgbf,id,千锋自动测评,6.69
knjbjmdbpmiimemamggejbelhmlbbjon,id,Pangolin Fake Detector,0.1
nggnllipjhjadjehkjcfgcomahomninl,id,PC Protect Safe Site,1.35.0.0
djbpbelpckcfamdlkfhipkkadnanmkci,id,name,1.0.0
amdinnnilgkcpgohiijcejpnhgngmfdl,id,Twitter Sanitizer,1.1
klejemegaoblahjdpcajmpcnjjmkmkkf,id,Noisli,2.0.4
dgbkhckcpamfncphlemlldhfihgapdal,id,招聘助手,1.18
efaaaghimodgpdembgjdmbkgpdoamkip,id,Refresh my site!,1.0
jebcnngllddeflmnnoohofgebbolfpfb,id,Wordstat Manager,0.3.1
onnhgfmpngelgiblhnjikgflakgfjekm,id,Opal Miner,1.1
jfchgogngikcpihhnpojbledgmpbeifa,id,TeamBox Alert,1.4.0
cbcbkhdmedgianpaifchdaddpnmgnknn,id,WebSocket King Client,4.0.1
ebikgnhocjlfaookhjbgcpipjglacbaa,id,Skip Netflix Intro Auto,1.0
kodhlhjldpngjbahemaojdgdoikemich,id,RAI Replacer,0.1.0
fkgebaegmcnelkblomidkpodmbjemndg,id,Hell Rabbits Live,1.6.2
faleaadocjjobkmhikdhcfigpiniijml,id,Chanta,0.2.0
gnlbjdeoinlgamnebfoeohblhcimkdcg,id,Shopee WeAnaly Tool,1.1.3
jbplibmjneebbjddafgjgodjaghloigh,id,NIFTY 50,1.0.0
ancoamppjnaghimobkgbnhepfeocbfpi,id,YAKjs context menu,1.1.1.2924
mgfjbmhhphmndapijdlgaifinndnhcbe,id,Start your search with eBay™ + Right Click,1.4
inkgpdfkjhckpjhimallbplbnjhdnmdd,id,Shop-in,1.4
ihkdonfknnocgnphmmcehpghjghgpejf,id,abctx,0.0.1
pfiabanojfbjbliahckgpmeemefdiael,id,Search splunk,0.2
injlnkldgkjddmggojppaladmiflacoc,id,name,1.4
iccgdddlhjafpekcpinhkigagcehhlpb,id,Word Count,1.3.0
kbghfpdknecpmpnibehladmonbgnndep,id,Welcome to the internet,0.0.0.1
gaghddbfclojcohafojiikebcepflpgb,id,AlphaQuotes Motivational Quotes New Tab,0.0.4
jpoobcnlbnhjjeiggacibnbmkbnlcego,id,FCS Tech Deck,1.0
gpkpjphcnnjpmjjgomldbogleelcljod,id,Print Lazada for Jubelio,1.2
ejknaijendfekkinlklljlbkopldonei,id,search popsike.com,1.2
mpmkclglcbkjchakihfpblainfncennj,id,Pitch shifter - HTML5 Video audio FX,1.6
cilflkpkpoolohdpaecpngjpfdfihcpp,id,Just Launched,0.0.5
oajlecpdfllkfpecidbmcajlabponimh,id,SeoVisor,1.05
bihigipphllneokjkmaefeohgpchpdgg,id,ShopOrama Tool - Eagle Media,1.9.7
meffgggjcjgcalbbjkficnplpelchjle,id,name,1.0.8
pciiaopinciigecgmkjeedgkhblmbmnk,id,はてブ Fun,1.1
mfbndbefnnjgaidnmnldlofidognjepl,id,Bättre Nyheter,1.0.13
llcoaoofhcdcadkfofodogkcgipbodaf,id,Karmabot dashboard,0.3.9
hieblbgldolbjjogogbdeogdegncnkep,id,Text Tube,1.0.3
mbebeanffpldbejmnmjedelplfpbkmnd,id,Blinknotes,0.0.1.7
fiebghpajelckgcjdoepooknpfolglgh,id,Zápisník nabídek práce,1.0.1
cejlpdpgokleliekienpmkjdiamjpnin,id,GitHub Code Wrap,1.0.0
bghmceoojphifcjdncfdnbilpodhnaeo,id,Etsy - Export payments,1.0
jfbdagichcdaofdpgfafbhdmlfegibnd,id,fraud_alert,1.00
ffbfmnpnnpioeahopelpofkgdnoglkom,id,YouTube Tab Switch,1.0
lbkdbeojajhofdpbkkideaoipoejhedp,id,Codeplug.in [Generic Version],0.0.0.28
papmlhcjaocmpfoiidecejpbimenohgj,id,OrbitFenix Flash Enabler,1.1.0
mhlbkeicaganfnmiceinkfcemhoihbea,id,Pinterest画像ダウンローダー,1.1.0
najnjmkkfdjmocfdadcpacdanpmibbbb,id,Omnivox Dark Theme,0.0.4
fcnnfgfhgdfcmpmpjpmpehnplfdlmila,id,name,1.0
copgnnhedjdobmglcjbeojddbkhoadpg,id,CleanLink,0.1.1
nncbgmjajecnoenkckoalkhmciealnme,id,name,0.1.4
pghmiecjdbdaibecngmefbdmglkcboof,id,Ticket Master Data,1.1.1
egogfffhneiihhcpbeccdmejmlleoihg,id,Clarify Facebook's privacy options,0.5
cedjfjpgichjfeaaijciagaoggpagipg,id,AtCoder VirtualContest-Connect,1.1.3.1
aifdlanlkdlcakhfbknpjmgocjbpkakp,id,JumpToOSMChangesetAnalyzer,0.2.1
mfdcbhifajfimpjheklcmkdfcbpkjkop,id,Trump to Individual-1,1.0
mchbpaimhgjplhmdjogbijdcmdcfjfij,id,Anti67,1.0.1
fjijokidojeojfaccogejphjlhfnekcf,id,iForum for moders,3.1.0
mieggnccpkbgbgoleiofmaloheiiahbe,id,El Toro,1.4.1
pkgpcjakffofkdefomhpgcpidgifneai,id,Sendroid,1.0.2
fpikobmknihlapfapngjffpnkfmgmkjb,id,Tesco Groceries TPNB Viewer,4.3
oklcdoblpeneapnpjllgahaocejlekei,id,OmniMemo,1.1
khfheicddakgkjkocaokijccaaeebfko,id,AcFun Video Download,1.0
gbipjohhadjcagjjjhcooalfnkdlnfim,id,OP.GG Extension,1.1.8
ggofpgiflaminonicdeonlfcbopcmneo,id,Title URL Clipboarad,1.1.6
ikogmikbjiooajfagjhobaopmehnooko,id,Trello Compact Mode,0.0.3
bnblhpdilkjdadlmmjekpokcajfbcmjb,id,FicusJS devtools,0.1.0
gceclgkfceopbfifflgkhokkdcbgajpd,id,Khaled Keys,0.0.1.3
oibaekgbhiijjdfgemkabkfnjkmkfnhe,id,quickreach,1.24
opfjiinhldoaonbjidlpmjepgladiilp,id,MelvorTrainer,1.0
ogffaloegjglncjfehdfplabnoondfjo,id,Night Video Tuner,1.2.7
mllhpiblnkfpfbedglgpbdbfikpnopgh,id,ECHOed Links,3.0.0
cncoicpimbajmkmkjlaelhdlgfnhomce,id,name,3.0
ckpachebenneicjfndebehniipdlhncc,id,Stack Exchange Help Links,0.6.2
abmhdbimjkobbjbdbafjnamidmjkopkh,id,SOLINFO.ro,1.0
lapkhhiefldehhfobdocliniaapoeiee,id,Stop Tabs 10,0.10
jdblagejdbkmjfbnppiggfeiglefmpfk,id,name,3.0.0
denlhphadllhcolhlbbbjmhkgbknmmon,id,name,0.6.3
ceohoefapneebmoilaicplfenfkmfoni,id,jike.k,0.0.6
bhbphohgaiajgojnojdjegmjkhifelci,id,HealthFin Data Collector,1.2
mfoebldngdjehkombakjiolmpafkdgok,id,King Crab Party,1.0
opkihdncekmggmhjbdkmnlelgmlemlmd,id,TabAddict,1.1
eeeaigjkdepkfbecmhgelmahpbfhkedm,id,CheXplore JS,1.2.4.45
fkmdcbangkmemcgifbjdongbgoinajgn,id,Lájkvadász stop!,1.2.62
bhbeohgjkbmajdombdkkfoaejkacjeje,id,Color Palette,1.0
odmhlbcjhbhpbndooapjapihoipjhdik,id,TooButtons,0.4
ajlmalinjdbkamfgjbamebnjeejbkkil,id,name,1.3
gebopfdelabcifmpgkjojalfnebofpai,id,GoldenWert,1.0
baeklpdelpkdmjedobkljhdbckfnffbi,id,BrowseMyTown Netherlands,2.0.0.1
ngiiaodmkjellommopgjfedfleidaagp,id,Unit Converter,2.0
pcnkgojnbmddilbeahebpalnlfjhbbdi,id,Healing Crystals,0.0.1
kaogofhoanfolnbbijmdoepclpjddhim,id,JCT - Login,1.0.2
cjippkjehceooceaicohenmojiabaiia,id,TekZoom Now!,0.2
aepkpdjaenhlokmepnimkgfmlechonlc,id,Scrumcoon-trello,0.0.4
pgdnjcdfopnnopgfkihpmfodeaahbmno,id,Wevuw: Review the Web,1.0
aigiijldkjidomjehfdmiaablcobdihg,id,Nuke Dialog,0.0.2
adcpnmkldlgfkeoanhbgbgndgindehke,id,Rádio Santiago,1.2.0
djoeofnpkfcdoanhiojkihejejpkeien,id,Công cụ Đặt Hàng Vận chuyển Mdorderchina,1.6.4
ffikkbfbcdkbphcndbpafcnjkccepclb,id,Refresh Specific Tab,1.0
affccikominfmpcchecefmibpdenookk,id,name,1.0.3
nkflclfiobopehjhjedahebolgdcnkik,id,Payday Loan - Direct Lenders,1.0
ffdcdjcfmnoacbgjbjnkdkjacohlcfkj,id,"Github ""Add single comment"" shortcut",0.0.3
pgpnkghddnfoopjapnlklllpjknnibkn,id,name,0.0.10
bddinidekfddgibkbjkbciccjmojhokm,id,PDF to FB2 Converter,2.0
poaehadhnllahlnjjgmfbplhkhoglgap,id,Github image preview,0.1.0
biohplimnkjgemnkkhdbjenjkngnbpkp,id,Toster Stickers,2.0.0
obppnlfjpphcaklepoggjopigjoemfbj,id,Cite Trove,0.3.0
gklpahneihbppnablehmlojnhmkgilgp,id,H-Header,1.0.0
aiecbkandfgpphpdilbaaagnampmdgpd,id,Jelly Party,1.7.3
lgldfljbefcgfallmeiflghmgoklamnp,id,name,1.0.0
mnonoobhfgdhidonjmabidmejggjcnil,id,Sparkles,1.1
hobgfokkfmmdehpedkjgkhjcnejfoodf,id,name,0.9.5
angdkjndobobaegbnhjaooedegkbibae,id,List Builder for Twitter,0.4
nilcngobncoamngmaknffemggojcoebl,id,Sai Council of Malaysia,1.2
kpbgpgggmddninmpdgcahpidfkdifdbg,id,name,0.0.6
gkicmebfnjalhhmhljadbocnjgblkbil,id,Anonymous VPN - WebRTC leak prevent,1
eohnbihebhopoapemdbbodaiaagpogik,id,name,1.2.4
jdlppncbmfbloihpaegmcomnfoibmpnj,id,Timer Pro,1.2.0
acjkbnlfijcimdefnmllcbpekmkbafib,id,MangoSigns Chrome Player,1.0.2
pilmdipfjebpeicoomgdacmcigajgblg,id,GroupRipper,1.12
ockkkeonheajeaoacldkhcignglfhbgc,id,Ovarian Cyst Treatment Without Surgery,2.0
mgggfleadkpmbfggomfoafclcoaeifof,id,CMUDirectory,1.3.0
nekfgelklblnoaenjbfiaecpggdcepjm,id,Deviato,1.1.1
fbnbeggejdiahigdfijabeembfdgikbd,id,Timetable Automator - 025,1.0.1
goenefoemegjgenehlhnalodhcpgpmna,id,✨ Basic Fabulous Tab ✨,1.0.0
jndllhgbinhiiddokbeoeepbppdnhhio,id,SAML DevTools extension,0.6
fcliafhfhbkfdeknlpdpojgajcknhecf,id,Gendersprache korrigieren,2.8.5
iphijkpimanklcdijdfoadecdeglfikl,id,Skia Buildbot Monitor,1.0
ljegainiahjijigfbecdgabplcndnhol,id,quote president unquote,1.0
ijckohcliadaplkahbcfdcahjkchbfcc,id,Spotify Launcher,1.2
kbdhmibgmfndcbpfgfoadpbnfbcccpgn,id,Intercom Gmail Integration,1.1
ffokoaonifcmfbbljpmnheafbiielifn,id,Rapid Donor,0.9.3
cocflgkidigfcdjghgghkapilhbnaocb,id,Make Do with zhihu 2,2.0.6
egkfcdbgbngoleofdabdfbmknjmgijel,id,AEM Forms shortcuts extension,1.0
iefkpmimpeibbpdnehedkkgdjkfihmhi,id,Oodalicious,1.0.0.16
gfdohlojonkomcjiiibnfadnafoeenmf,id,New Tab Redux,1.15.1
ddpbklpiacokdhondmokmpjhnogdlmja,id,Tuding screensharing,1.0
ehjiibljljecbmgpgdlkejiaadppplkp,id,Cloud Save,1.5.1
abalkdachbhegipefafmdbnliajjflff,id,PulsRadio.com Trance,1.0
mljfghomphihhbncidhenkhaheggegib,id,SOAP2DAYHD,0.0.1
adhfophjkhfbceaeljogehoikdnaalgn,id,infomax-stock,0.0.2
codgofkgobbmgglciccjabipdlgefnch,id,Btools,2.1.2
pompgcagnohlhhddgecmllmocecigbpn,id,Noteletter,0.2.0
kemblimjfmhllmifgkglpohnieckmgdn,id,Unicart,3.0.0
nfgagjfomnikcgfcjikpndmljpiikajm,id,SNAILPLAY,1.4.1
bmdfiifdjojbpkeapcaipadjdhhbecod,id,閲覧履歴ポップアップ検索,1.0.1
chocbmjpcbmhfdlanajnfhhdhlkdhcae,id,Kick me off,0.2
molboeciijkomblejfolkjfeeilgadnm,id,Twitter Censor,0.1.3
gnoiejndfokeegabglmhnilaolbolfii,id,Aba smart downloader,1.0
oolgcehjlinikihphegehlkigckmbnbj,id,Dev Labs Reactions,0.0.4
ifecgdcpiihfohndilbinfhajbhfcimf,id,Shoot & Share Auto-Favorite,1.5
lhgkcnjcljlcpopbleiggddjimcaphef,id,Whats The Expression,2
aicjeabfmeimafanjnledfddcjmmgnid,id,Easy SEO,0.1
nljbmjehmemfpnlcohjlijdhdanoilog,id,QQ邮箱邮件提醒,1.0.0
idpllpndgppbccmacnhfbefikkoijbej,id,TrustNews,1.1.5
hbaodldojdakgchginakjhjianfdmocb,id,santango,0.1.2
aamkjikifbgcnnfibogkilfjjhpakglb,id,FinnPluss - Ekstra funksjoner til finn.no,1.0.3
mcidendbndlekegaphipeeoaemckemhm,mv3_extension_id,Tab Manager,3.2
